c	SAMEA1963786	SAMEA1964348	SAMEA1964895	SAMEA1964914	SAMEA1965033	SAMEA1965112	SAMEA1965191	SAMEA1965384	SAMEA1965767	SAMEA1965852	SAMEA1965906	SAMEA1966253	SAMEA1967055	SAMEA1968035	SAMEA1968151	SAMEA1968361	SAMEA1969296	SAMEA1971886	SAMEA1972159	SAMEA1972229	SAMEA1972440	SAMEA1972463	SAMEA1972794	SAMEA1973207	SAMEA2041923	SAMEA2041924	SAMEA2041925	SAMEA2041926	SAMEA2041927	SAMEA2041928	SAMEA2041930	SAMEA2041931	SAMEA2041932	SAMEA2041933	SAMEA2041934	SAMEA2041935	SAMEA2041936	SAMEA2041937	SAMEA2041938	SAMEA2041939	SAMEA2042000	SAMEA2042001	SAMEA2042002	SAMEA2042003	SAMEA2042004	SAMEA2042005	SAMEA2042006	SAMEA2042007	SAMEA2042009	SAMEA2042010	SAMEA2042011	SAMEA2042012	SAMEA2042013	SAMEA2042014	SAMEA2042087	SAMEA2042088	SAMEA2042089	SAMEA2042090	SAMEA2042091	SAMEA2042092	SAMEA2042093	SAMEA2042095	SAMEA2042096	SAMEA2042097	SAMEA2042098	SAMEA2042099	SAMEA2042100	SAMEA2042101	SAMEA2042102	SAMEA2042103	SAMEA2042104	SAMEA2042105	SAMEA2042106	SAMEA2042107	SAMEA2042108	SAMEA2042109	SAMEA2042110	SAMEA2042111	SAMEA2042112	SAMEA2042113	SAMEA2042114	SAMEA2042115	SAMEA2042191	SAMEA2042192	SAMEA2042193	SAMEA2042194	SAMEA2042195	SAMEA2042196	SAMEA2042197	SAMEA2042198	SAMEA2042199	SAMEA2042200	SAMEA2042201	SAMEA2042202	SAMEA2042203	SAMEA2042204	SAMEA2042205	SAMEA2042206	SAMEA2042215	SAMEA2042216	SAMEA2042217	SAMEA2042218	SAMEA2042219	SAMEA2042220	SAMEA2042221	SAMEA2042222	SAMEA2042223	SAMEA2042224	SAMEA2042225	SAMEA2042226	SAMEA2042280	SAMEA2042281	SAMEA2042282	SAMEA2042283	SAMEA2042284	SAMEA2042285	SAMEA2042286	SAMEA2042287	SAMEA2042288	SAMEA2042289	SAMEA2042290	SAMEA2042292	SAMEA2042293	SAMEA2042294	SAMEA2042295	SAMEA2042296	SAMEA2042297	SAMEA2042298	SAMEA2042299	SAMEA2042300	SAMEA2042301	SAMEA2042302	SAMEA2042303	SAMEA2042304	SAMEA2042360	SAMEA2042361	SAMEA2042362	SAMEA2042363	SAMEA2042364	SAMEA2042365	SAMEA2042366	SAMEA2042367	SAMEA2042368	SAMEA2042369	SAMEA2042371	SAMEA2042372	SAMEA2042373	SAMEA2042374	SAMEA2042375	SAMEA2042376	SAMEA2042377	SAMEA2042378	SAMEA2042379	SAMEA2042380	SAMEA2042381	SAMEA2042382	SAMEA2042383	SAMEA2042384	SAMEA2042385	SAMEA2042386	SAMEA2042387	SAMEA2042388	SAMEA2042389	SAMEA2042391	SAMEA2042392	SAMEA2042393	SAMEA2042394	SAMEA2042395	SAMEA2042396	SAMEA2042397	SAMEA2042398	SAMEA2042399	SAMEA2042400	SAMEA2042401	SAMEA2042402	SAMEA2042403	SAMEA2042404	SAMEA2042405	SAMEA2042406	SAMEA2042407	SAMEA2042408	SAMEA2042425	SAMEA2042426	SAMEA2042427	SAMEA2042428	SAMEA2042429	SAMEA2042430	SAMEA2042431	SAMEA2042433	SAMEA2042434	SAMEA2042435	SAMEA2042436	SAMEA2042437	SAMEA2042438	SAMEA2042439	SAMEA2042440	SAMEA2042441	SAMEA2042442	SAMEA2042443	SAMEA2042444	SAMEA2042445	SAMEA2042446	SAMEA2042447	SAMEA2042448	SAMEA2042449	SAMEA2042450	SAMEA2042451	SAMEA2042452	SAMEA2042453	SAMEA2042488	SAMEA2042489	SAMEA2042490	SAMEA2042491	SAMEA2042492	SAMEA2042493	SAMEA2042495	SAMEA2042496	SAMEA2042497	SAMEA2042498	SAMEA2042499	SAMEA2042500	SAMEA2042501	SAMEA2042502	SAMEA2042503	SAMEA2042504	SAMEA2042505	SAMEA2042506	SAMEA2042507	SAMEA2042508	SAMEA2042509	SAMEA2042510	SAMEA2042511	SAMEA2042512	SAMEA2042513	SAMEA2042515	SAMEA2042516	SAMEA2042517	SAMEA2042518	SAMEA2042519	SAMEA2042520	SAMEA2042553	SAMEA2042554	SAMEA2042555	SAMEA2042556	SAMEA2042557	SAMEA2042558	SAMEA2042559	SAMEA2042560	SAMEA2042561	SAMEA2042562	SAMEA2042563	SAMEA2042564	SAMEA2042566	SAMEA2042567	SAMEA2042568	SAMEA2042569	SAMEA2042570	SAMEA2042571	SAMEA2042572	SAMEA2042573	SAMEA2042574	SAMEA2042575	SAMEA2042576	SAMEA2042577	SAMEA2042578	SAMEA2042579	SAMEA2042580	SAMEA2042581	SAMEA2042582	SAMEA2042583	SAMEA2042584	SAMEA2042585	SAMEA2042602	SAMEA2042603	SAMEA2042604	SAMEA2042605	SAMEA2042606	SAMEA2042607	SAMEA2042608	SAMEA2042609	SAMEA2042611	SAMEA2042612	SAMEA2042613	SAMEA2042614	SAMEA2042615	SAMEA2042616	SAMEA2042617	SAMEA2042618	SAMEA2042619	SAMEA2042620	SAMEA2042621	SAMEA2042622	SAMEA2042623	SAMEA2042624	SAMEA2042625	SAMEA2042626	SAMEA2042627	SAMEA2042628	SAMEA2042629	SAMEA2042630	SAMEA2042632	SAMEA2042633	SAMEA2042643	SAMEA2042644	SAMEA2042645	SAMEA2042646	SAMEA2042647	SAMEA2042648	SAMEA2042649	SAMEA2042650	SAMEA2042651	SAMEA2042653	SAMEA2042654	SAMEA2042655	SAMEA2042656	SAMEA2042657	SAMEA2042658	SAMEA2042659	SAMEA2042660	SAMEA2042661	SAMEA2042662	SAMEA2042663	SAMEA2042664	SAMEA2042665	SAMEA2042729	SAMEA2042730	SAMEA2042731	SAMEA2042732	SAMEA2042733	SAMEA2042734	SAMEA2042736	SAMEA2042737	SAMEA2042738	SAMEA2042739	SAMEA2042740	SAMEA2042741	SAMEA2042742	SAMEA2042743	SAMEA2042744	SAMEA2042745	SAMEA2042828	SAMEA2042829	SAMEA2042830	SAMEA2042831	SAMEA2042832	SAMEA2042833	SAMEA2042834	SAMEA2042835	SAMEA2042836	SAMEA2042837	SAMEA2042838	SAMEA2042839	SAMEA2042840	SAMEA2042841	SAMEA2042842	SAMEA2042911	SAMEA2042912	SAMEA2042913	SAMEA2042914	SAMEA2042915	SAMEA2042916	SAMEA2042917	SAMEA2042918	SAMEA2042919	SAMEA2042920	SAMEA2042921	SAMEA2042922	SAMEA2042923	SAMEA2042924	SAMEA2042980	SAMEA2042981	SAMEA2042982	SAMEA2042983	SAMEA2042984	SAMEA2042985	SAMEA2042986	SAMEA2042987	SAMEA2042988	SAMEA2042990	SAMEA2042991	SAMEA2042992	SAMEA2042993	SAMEA2042994	SAMEA2042995	SAMEA2043040	SAMEA2043041	SAMEA2043042	SAMEA2043043	SAMEA2043044	SAMEA2043045	SAMEA2043046	SAMEA2043048	SAMEA2043049	SAMEA2043050	SAMEA2043051	SAMEA2043052
k__Archaea|p__Euryarchaeota|c__Methanobacteria	0.0	0.0	0.0	13.34823	0.07201	0.0	0.00745	1.97986	0.0	0.0	0.0	0.00018	0.0	0.00813	0.01709	0.0	0.0	0.0	0.0	0.57728	0.0	0.0	0.0	0.44092	0.0	2.44009	0.0	0.0	2.99802	0.0	1.22197	1.08747	6.65824	1.86203	0.0	0.0	0.0	0.0	0.76004	0.10347	0.0	0.12326	0.06854	2.98427	3.24868	0.0	0.0	1.04672	0.02146	0.0	0.0	0.0	0.0	0.0	0.96503	0.0	0.0	0.17039	0.17886	0.0	0.07894	0.0	0.05891	0.2072	0.0	0.0	0.0	0.34006	2.55107	0.0	0.53671	0.0	0.0	0.0	0.0	0.00635	0.21951	0.0	0.0	0.0	7.93749	0.0	0.0	0.0	0.15524	0.0	0.0	0.0	0.0	0.0	0.0	0.0	0.06812	0.09151	0.07239	0.52703	0.2843	0.0	0.0	0.0	0.0	0.0	0.00922	0.0	0.71864	0.0	0.2673	0.0	0.0	0.0	0.11473	0.0	0.0	0.09819	0.00267	0.0	0.05204	1.13668	0.0	0.01	0.0	1.20873	0.0	0.0	0.33822	0.0	2.32734	0.22689	0.0	0.0	0.0	0.36456	0.10141	0.0	0.5328	0.0	4.90148	0.59574	0.61125	0.02178	0.0	0.0	0.0861	0.0	0.0	0.0	0.1243	0.67367	0.0	0.0665	0.0	0.0	0.0	0.10379	0.0	0.02737	0.0	2.71755	0.0	0.23401	0.1183	0.0	0.0	0.0	0.0	0.0	0.0	0.0	0.0	0.0	0.02962	0.0	19.59431	8.92715	0.0	0.61264	3.67953	0.0	0.0	0.0	0.0	0.0	0.0	0.0	0.0	0.0	0.0	1.06159	1.72661	0.01289	0.0	0.0	0.70272	0.0	0.0	0.0	0.7939	0.0	0.00207	35.24275	0.0969	8.60369	0.0	0.0	0.0	0.0	0.0	0.0	0.0	1.72791	0.0	0.0	1.04497	0.0	0.0	0.0	0.0	2.99005	0.2147	0.56026	0.0	0.33239	0.0	0.0	0.0	0.03733	0.0	0.0	0.0	5.12483	0.0	0.0	0.27474	0.0	0.0	9.89867	0.0	0.0	0.0	0.0	0.0179	0.21541	0.0	0.81454	0.0	0.0	0.07789	0.09035	4.54258	0.0	0.0	0.21322	0.0	0.0	0.02052	0.00645	0.0	0.0	0.0	15.27445	0.96269	0.0	0.0	0.0	0.0	0.0	0.06782	0.0	1.93699	0.0	2.48058	0.0	0.0	0.0	0.0	0.66335	0.0	0.1309	0.0	0.0	0.13588	0.08977	0.0	1.7785	0.04092	0.0	0.0	0.0	0.2453	0.22412	1.03143	0.0	0.0	13.38118	0.0	0.15196	0.67854	6.77244	0.0	0.0	0.0	0.0	0.89544	2.59251	0.0	0.0	0.86742	0.0	0.32103	0.0	0.0	0.17467	0.0	0.0	0.0	0.11557	0.0	0.0	0.0	0.65337	0.00977	0.0	8.34312	0.46142	0.0	0.05142	0.0	0.0	0.0	0.11497	0.0	0.0	0.0	0.0	0.02377	5.4489	3.63084	0.0	0.0	3.33349	1.73104	0.82695	6.88483	2.19164	1.69571	0.0	0.32411	0.0	0.0	0.0	0.0	0.0	0.0	0.0	0.0	0.0	0.0	0.0	0.0	0.0	0.0	0.36671	4.18675	0.0	0.0	0.0	7.05511	10.97913	0.0	0.0	0.0	0.0	0.86114	2.60558	0.0	0.00939	0.0	0.0	0.12337	0.0	0.0	0.0	0.0	0.0	0.0	0.0	1.33299	2.09072	0.32879	5.39736	0.0	0.66204	0.61049	0.0	8.4375	0.0
k__Archaea|p__Euryarchaeota|c__Thermoplasmata	0.0	0.0	0.0	0.0	0.0	0.0	0.0	0.0	0.0	0.0	0.0	0.0	0.0	0.0	0.0	0.0	0.0	0.0	0.0	0.0	0.0	0.0	0.0	0.0	0.0	0.0	0.0	0.0	0.0	0.0	0.0	0.0	0.0	0.0	0.0	0.0	0.0	0.0	0.0	0.0	0.0	0.0	0.0	0.0	0.0	0.0	0.0	0.0	0.0	0.0	0.0	0.0	0.0	0.0	0.10821	0.0	0.0	0.0	0.0	0.0	0.0	0.0	0.0	0.0	0.0	0.0	0.0	0.0	0.0	0.0	0.0	0.0	0.0	0.0	0.0	0.0	0.0	0.0	0.0	0.0	0.0	0.0	0.0	0.0	0.0	0.0	0.0	0.0	0.0	0.0	0.0	0.0	0.0	0.0	0.0	0.0	0.0	0.0	0.0	0.0	0.0	0.0	0.0	0.0	0.0	0.0	0.0	0.0	0.0	0.0	0.0	0.0	0.0	0.0	0.0	0.0	0.0	0.0	0.0	0.0	0.0	0.0	0.0	0.0	0.0	0.0	0.0	0.0	0.0	0.0	0.0	0.0	0.0	0.0	0.0	0.0	0.0	0.99919	0.0	0.0	0.0	0.0	0.0	0.0	0.0	0.0	0.07794	1.03261	0.0	0.0	0.0	0.0	0.0	0.0	0.0	0.0	0.0	4.40306	0.0	0.0	0.0	0.0	0.0	0.0	0.0	0.0	0.0	0.0	0.0	0.0	0.0	0.0	0.0	0.0	0.0	0.0	0.0	0.0	0.0	0.0	0.0	0.0	0.0	0.0	0.0	0.0	0.0	0.0	0.0	0.0	0.0	0.0	0.0	0.0	0.0	0.0	0.0	0.0	0.0	0.0	0.0	0.0	0.0	0.0	0.0	0.0	0.0	0.0	0.0	0.0	0.0	0.0	0.0	0.0	0.0	0.0	0.0	0.0	0.0	0.0	0.0	0.0	0.0	0.0	0.0	0.0	0.0	0.0	0.0	0.0	0.0	0.0	0.0	0.0	0.0	0.0	0.0	0.0	0.0	0.0	0.0	0.0	0.0	0.0	0.0	0.0	0.0	0.0	0.0	0.0	0.0	0.0	0.0	0.0	0.0	0.0	0.0	0.0	0.0	0.0	0.0	0.0	0.0	0.0	0.0	0.0	0.0	0.0	0.0	0.0	0.0	0.0	0.0	0.0	0.0	0.0	0.0	0.0	0.0	0.0	0.0	0.80246	0.0	0.0	0.0	0.0	0.0	0.0	0.0	0.0	0.0	0.0	0.0	0.0	0.0	0.0	0.0	0.0	0.0	0.0	0.0	0.0	0.0	0.0	0.0	0.0	0.0	0.0	0.0	0.0	0.0	0.0	0.0	0.0	0.0	0.51373	0.0	0.0	0.0	0.0	0.0	0.0	0.0	0.0	0.0	0.0	0.0	0.0	0.0	0.0	0.0	0.0	0.0	0.0	0.0	0.0	0.0	0.0	0.0	0.0	0.0	0.0	0.0	0.0	0.0	0.0	0.0	0.0	0.0	0.0	0.0	0.0	0.0	0.0	0.0	0.0	0.0	0.0	0.0	0.0	0.0	0.0	0.37049	0.0	0.0	0.0	0.0	0.0	0.0	0.0	0.0	0.0	0.0	0.0	0.0	0.0	0.0	0.0	0.0	0.0	0.0	0.0	0.0	0.0	0.0	0.0	0.0	0.0	0.0	0.0	0.0	0.0	0.0	0.0	0.0	0.0
k__Bacteria|p__Actinobacteria|c__Actinobacteria	0.04785	0.61963	0.64392	11.14815	0.4749	0.362	0.07388	0.33383	0.16061	0.98123	3.38439	5.66693	0.66877	0.71276	4.31835	7.16961	0.17813	0.0201	0.05491	3.00234	8.71709	3.43832	2.84542	0.25747	0.0	1.72993	2.65745	0.81693	0.82447	2.90175	2.38153	2.2372	0.06021	0.00081	0.45996	0.0	0.00831	0.0	0.0	0.0	1.39477	0.36889	0.66216	3.82015	1.87659	2.13731	0.97445	0.90628	0.29489	2.37013	3.49071	0.03059	0.0	0.0	0.42321	0.0	1.14119	0.08125	0.01375	0.0	0.09552	0.0	0.3857	0.0	0.0	0.05566	0.00918	0.35059	0.0	4.87578	0.61882	0.49547	0.75859	2.59803	0.03669	6.13062	0.0	0.49238	3.48316	0.45025	11.97989	0.95558	0.15643	1.22197	0.10141	0.05769	0.07425	0.0	0.0	0.14108	0.11108	0.00668	0.0308	0.0	0.12568	0.16721	0.73395	0.03155	11.5952	1.11722	0.93507	0.00155	0.7342	0.34875	0.65272	2.61316	0.22364	0.87127	2.0753	9.79999	0.21157	0.34768	0.22995	0.86043	0.52724	0.00912	0.11324	0.06253	0.01263	0.04033	0.36649	0.2679	0.0	0.24644	0.03737	0.05517	0.0	0.87658	0.13269	0.0699	0.92542	0.0	0.2469	0.85232	0.12099	0.0	0.48147	1.3517	3.04988	0.1522	4.07264	0.0	0.8179	0.05744	0.02426	0.34866	0.31602	0.00519	1.11765	0.0	0.0	0.04551	0.10246	0.05378	0.03145	0.10082	0.05586	0.0	0.0	0.12431	0.09214	0.13397	0.0	0.0	2.1499	0.29976	0.31486	2.39271	0.4574	0.0	1.95569	2.61441	0.00331	0.03026	1.72173	0.3875	2.37301	2.59755	6.52233	4.37024	4.76058	0.48043	0.33281	0.00353	0.00752	0.01049	0.0384	0.00872	0.18253	0.08086	0.26846	0.30884	0.38606	0.04545	1.10956	0.84282	1.55878	1.69587	4.70788	0.06966	0.0	0.52068	0.45716	0.06164	0.93731	2.01466	0.00991	3.12308	0.88405	0.71095	0.0385	0.04661	0.11616	0.07753	0.05019	0.00379	0.10102	1.16095	0.82561	0.29742	1.76531	0.03648	0.01057	0.66789	3.24109	0.13203	0.85655	1.34189	11.08037	11.86762	5.53882	0.04029	1.34683	3.45277	0.72931	5.16689	2.19211	3.38858	0.05029	15.73447	0.28496	0.1088	0.1998	0.37748	0.21193	0.38574	2.36784	0.03236	0.59345	0.09299	0.3962	0.75831	1.45836	0.08512	0.32725	0.61138	5.15682	2.52718	3.9588	0.84132	0.70411	0.52511	3.90429	0.13025	1.00265	0.52108	0.22966	4.89844	2.16058	0.25958	2.54546	0.60945	0.41865	0.03527	0.38865	0.02838	0.04597	0.62076	0.01078	0.54775	0.09144	0.00301	0.55709	2.32134	0.00648	0.38267	0.0	0.36175	4.46925	4.82859	0.28705	0.52012	3.11514	1.82654	2.33908	0.18044	0.49367	0.10033	0.12077	3.23982	1.41826	1.58905	0.66009	0.89824	0.18109	1.23088	0.76674	0.10462	0.07087	0.0	0.09676	0.09792	0.01838	0.22895	0.12253	0.04578	0.43396	4.05322	1.72669	0.47339	0.38356	0.26236	0.5999	0.82045	0.02398	0.3926	0.02589	0.03209	0.0	1.44946	0.0	0.06744	0.10888	0.38554	0.0	0.0	1.14331	0.78582	8.90201	0.66486	0.13864	0.0221	2.06079	0.0	2.01003	0.06259	0.44788	0.0	0.78434	0.0	3.73293	0.35238	1.15532	5.41598	1.04267	11.81222	0.08583	3.60836	0.25424	1.4601	2.06273	0.2296	3.50493	0.92367	0.58638	2.23799	0.85087	1.46204	5.97734	9.16037	1.31328	1.11556	2.02419	3.19801	6.40338	5.90072	1.58654	3.89271	0.39158	3.41927	1.39887	4.58901	0.0	0.0	0.0	0.58745	0.11163	0.37057	0.0	0.0853	0.07821	0.29498	2.70485	1.89795	1.72081	0.59042
k__Bacteria|p__Actinobacteria|c__Coriobacteriia	1.55213	0.19484	0.16055	3.44687	0.08221	0.29538	2.43089	0.12585	0.06829	0.0247	1.63439	1.22441	0.27715	0.64004	0.30199	1.25732	0.23973	1.42378	0.11864	1.80682	1.59423	0.06504	1.44954	0.04419	0.11694	1.39592	1.45745	1.38333	0.74394	0.61931	0.65349	0.28367	0.04708	0.57878	1.47862	0.34785	0.96252	0.27907	0.13243	0.07007	0.47291	0.61671	0.43555	0.85491	0.96114	0.1213	0.19938	0.84671	0.49694	2.8095	1.89966	0.0	0.0	0.0	0.23528	0.07114	0.7955	0.0756	0.0515	0.00538	0.03743	0.0	0.03238	0.0	0.0	0.0	0.00689	0.48435	0.17522	0.28265	1.84174	0.3883	0.72747	0.0	0.0	2.62978	0.0	0.38279	0.28539	0.26529	1.42055	1.2718	0.04235	0.41031	0.0	0.0	0.01397	0.00381	0.0	0.01407	0.02594	0.0	0.04048	0.0	0.11059	0.18921	0.19304	0.12074	0.15075	0.48931	1.81299	0.01746	0.57677	0.01829	1.61739	7.97395	1.51393	0.00059	0.20573	2.01193	0.20693	0.20133	0.30802	0.63796	0.65447	0.16258	1.68392	0.0	0.0213	0.01504	0.16695	0.01941	0.03572	0.50168	0.04549	0.02084	0.00979	0.10423	0.08378	0.05644	0.10453	0.0	0.0214	0.45353	0.1929	0.39361	0.08868	0.41604	1.01252	0.07266	1.19502	0.20109	0.80752	0.26728	0.50148	0.16475	0.02683	1.49411	0.84285	0.03197	0.0	0.09277	0.14391	0.02697	0.03797	0.01006	0.03551	0.07888	0.0	0.08853	0.08836	0.06643	0.0	0.03229	1.04365	0.00406	0.01516	0.80514	0.23147	0.0	0.43752	0.60792	0.0	0.0	0.86707	0.49298	1.71658	1.03505	2.43539	5.11957	5.71729	0.16349	0.27442	0.04971	0.04468	0.0175	0.04438	0.04183	0.08086	0.08003	0.02062	0.00677	0.10153	0.04391	2.47423	7.44395	0.06442	0.29407	1.62198	1.67783	0.0	3.62439	0.01508	0.1261	0.70173	1.55577	0.0194	1.66723	0.98987	0.48982	0.01484	0.03768	0.04331	0.02687	0.01147	0.01247	0.06689	0.11822	0.20299	0.4044	1.207	0.15907	0.00939	0.21254	1.3165	0.28555	1.66065	1.78738	4.8622	1.01977	3.0388	0.51234	0.2701	1.01271	1.00912	3.03322	2.18688	2.40758	1.33446	2.72507	0.06941	0.22506	0.31452	0.26356	0.03367	0.36119	0.32023	0.05438	0.3449	0.15966	0.0994	0.31013	0.24339	0.2057	0.15012	0.13322	0.2975	0.87176	1.56873	0.4805	0.09712	3.30842	2.62376	0.54032	2.03922	0.83876	0.33483	0.77195	1.07439	0.76091	1.20636	0.4664	0.18177	0.10666	0.03672	0.08147	0.17713	0.34454	0.03816	0.87332	0.24948	0.05218	0.27766	1.01387	0.13188	0.08474	0.0	0.42133	1.98941	2.4598	0.63977	0.32715	4.15713	1.98808	0.13741	0.34809	0.39692	0.63844	0.52983	2.15344	1.50711	1.71173	0.19178	0.00754	0.10253	0.244	0.15929	0.09124	0.21342	0.21491	0.10955	0.19915	0.03408	0.10373	0.07024	0.05526	0.03665	0.62914	2.43182	0.87841	0.08136	0.32003	0.06744	0.95259	0.08982	0.23479	0.05689	0.01052	0.01997	0.53096	0.03405	0.18079	0.13234	0.17103	0.00076	0.0	1.31866	0.15544	1.70474	1.85488	1.84753	0.0	1.21993	0.00654	0.80751	0.0	0.57207	0.00682	1.36151	0.00288	0.50448	0.13614	0.1744	0.76085	0.3806	1.43557	0.07502	1.78073	0.04432	1.05685	0.97018	0.16575	3.11308	1.08717	0.58052	0.211	0.11001	0.27236	2.41436	2.34297	5.13061	2.32236	0.66918	1.26028	2.84787	3.25509	0.10636	0.54057	0.09212	0.9697	0.03915	0.27298	0.46357	0.28695	0.0	0.36829	0.50518	0.69768	0.19849	0.40679	0.59551	0.44631	1.10193	0.86836	1.48585	0.6056
k__Bacteria|p__Actinobacteria|c__Thermoleophilia	0.0	0.0	0.0	0.0	0.0	0.0	0.0	0.0	0.0	0.0	0.0	0.0	0.0	0.0	0.0	0.0	0.0	0.0	0.0	0.0	0.0	0.0	0.0044	0.0	0.0	0.0	0.0	0.0	0.0	0.0	0.0	0.0	0.0	0.0	0.0	0.0	0.0	0.0	0.0	0.0	0.0	0.0	0.0	0.0	0.0	0.0	0.0	0.0	0.0	0.0	0.0	0.0	0.0	0.0	0.0	0.0	0.00602	0.0	0.0	0.0	0.0	0.0	0.0	0.0	0.0	0.0	0.0	0.0	0.0	0.0	0.0	0.0	0.0	0.0	0.0	0.0	0.0	0.0	0.0	0.0	0.0	0.0	0.0	0.0	0.0	0.0	0.0	0.0	0.0	0.0	0.0	0.0	0.0	0.0	0.0	0.0	0.0	0.0	0.0	0.0	0.0	0.0	0.0	0.0	0.0	0.0	0.0	0.0	0.0	0.0	0.00057	0.0	0.0	0.00404	0.0068	0.0	0.00676	0.0	0.0	0.0	0.0	0.0	0.0	0.0	0.0	0.0	0.0	0.0	0.0	0.0	0.0	0.0	0.0	0.0	0.0	0.00454	0.0	0.0	0.0092	0.0	0.00222	0.0	0.00901	0.00077	0.00669	0.0	0.0	0.01193	0.0	0.0	0.0	0.0	0.0	0.0	0.0	0.0	0.0	0.0	0.0	0.0	0.0	0.0	0.0	0.0	0.0	0.0	0.0	0.0	0.0	0.0	0.0	0.0	0.0	0.0	0.0	0.0	0.0	0.0	0.0	0.0	0.0	0.0	0.0	0.0	0.0	0.0	0.0	0.0	0.0	0.0	0.0	0.0	0.0	0.0	0.0	0.0	0.0	0.0	0.0	0.0	0.0	0.0	0.0	0.0	0.0	0.0	0.0	0.0	0.0	0.0	0.0	0.0	0.0	0.0	0.0	0.0	0.0	0.0	0.0	0.0	0.0	0.0	0.0	0.0	0.0	0.0	0.0	0.0	0.0	0.0	0.0	0.0	0.0	0.0	0.0	0.0	0.0	0.0	0.0	0.0	0.0	0.0	0.0	0.0	0.0	0.0	0.0	0.0	0.0	0.0	0.0	0.0	0.0	0.0	0.0	0.0	0.0	0.0	0.0	0.0	0.0	0.0	0.0	0.0	0.0	0.0	0.0	0.0	0.0	0.0	0.0	0.0	0.0	0.0	0.0	0.0	0.0	0.0	0.0	0.0	0.0	0.0	0.0	0.0	0.0	0.0	0.0	0.0	0.0	0.0	0.0	0.0	0.0	0.0	0.0	0.0	0.0	0.0	0.0	0.0	0.0	0.0	0.0	0.0	0.0	0.0	0.0	0.0	0.0	0.0	0.0	0.0	0.0	0.0	0.0	0.0	0.0	0.0	0.0	0.0	0.0	0.0	0.0	0.0	0.0	0.0	0.0	0.0	0.0	0.0	0.0	0.0	0.0	0.0	0.0	0.0	0.0	0.0	0.0	0.0	0.0	0.0	0.0	0.0	0.0	0.0	0.0	0.0	0.0	0.0	0.0	0.0	0.0	0.0	0.0	0.0	0.0	0.0	0.0	0.0	0.0	0.0	0.0	0.0	0.0	0.0	0.0	0.0	0.0	0.0	0.0	0.0	0.0	0.0	0.0	0.0	0.0	0.0	0.0	0.0	0.0	0.0	0.0	0.0	0.0	0.0	0.0	0.0	0.0	0.0	0.0	0.0	0.0	0.0	0.0	0.0
k__Bacteria|p__Bacteroidetes|c__Bacteroidia	70.28446	39.57035	54.12365	26.14417	68.57612	31.36883	53.76301	39.35079	67.38397	82.12278	39.63609	66.34138	84.63894	56.41855	2.40291	52.26084	56.23999	59.48278	40.20093	66.13826	61.56434	39.23661	30.75084	50.7507	52.16826	57.92902	53.58653	27.81609	57.96328	51.1611	47.67239	50.44099	74.34727	59.35756	49.65978	59.62838	64.37249	69.27251	37.82001	52.18863	49.15448	56.75078	24.51796	46.73842	38.00809	40.84074	41.95027	25.34296	47.00005	17.44633	31.2576	85.18247	12.65494	65.0424	53.70087	74.08946	52.77243	16.10816	16.48203	74.18689	40.13998	84.49608	46.9349	45.02266	71.07515	64.09907	66.60741	18.46644	58.74763	52.56147	32.55431	48.0962	65.86162	53.09435	73.23216	29.49477	82.19826	78.37574	59.25872	75.02002	21.76143	42.39391	47.58295	55.5232	49.08785	58.07682	35.3784	44.1409	45.90216	60.03536	60.66092	73.82578	34.55518	51.86674	34.69012	16.66258	40.27632	42.18008	77.99349	82.66915	16.33532	91.30006	34.66531	55.4207	30.31816	22.39795	53.30181	62.34821	17.91036	28.0758	79.6636	35.55777	53.36543	59.41726	68.28364	70.44574	22.149	50.33856	81.48457	57.63767	41.09506	38.75167	78.93353	27.48055	45.18536	69.33765	44.65651	55.02788	65.40718	76.41446	37.71292	31.71551	63.25392	50.60298	30.8798	68.95318	55.43948	35.6111	57.11654	47.33854	44.81222	68.94911	45.54993	84.70058	45.80098	73.6242	47.71668	16.83415	44.24613	62.5749	64.58261	44.80938	61.76952	26.64484	60.21011	38.59668	65.39871	51.57962	39.61677	63.05007	18.69784	40.84408	86.91442	67.68327	26.77396	87.03455	35.50922	27.24384	76.34051	72.43751	56.63664	15.40245	42.50813	51.51613	54.32552	42.73661	36.59939	54.77804	69.52765	12.29089	33.92038	43.01354	54.78695	66.11847	54.95595	70.3445	42.54546	45.49941	61.64082	46.46029	49.7996	17.7154	31.26274	66.21509	65.91329	31.99714	31.79522	31.05263	25.85221	2.62616	33.47886	49.5961	59.89691	49.21015	46.73766	42.54842	37.51444	49.4401	36.62497	32.29589	70.1157	72.43926	58.52842	73.15752	67.68639	41.49157	84.26819	43.72973	48.99856	37.88188	17.36512	70.65587	51.15171	38.26286	32.47475	53.09966	39.67759	77.26162	20.51484	34.87633	32.5708	71.23389	66.61585	39.43324	62.51265	3.74823	31.45987	44.64248	55.15139	26.21611	60.42276	29.77766	57.27016	26.37807	48.24313	68.3133	64.97304	61.44129	14.6466	67.88052	54.70309	57.39348	71.21639	47.65231	81.94416	58.0599	38.74202	56.91365	54.90371	12.02915	22.12975	37.90162	28.15946	51.12327	48.19115	29.31823	75.72631	40.67744	34.8067	52.89593	17.54553	56.30942	38.4375	49.70727	60.78124	43.62867	58.17584	32.17707	72.69601	63.48474	33.44217	53.14325	42.36935	52.9011	42.69102	65.18427	72.03973	25.59936	41.71335	39.80041	47.91721	67.94918	17.62637	39.24938	53.43252	43.92552	35.73294	42.07352	73.44602	33.47626	6.30775	31.17399	43.38268	46.47268	44.51584	60.29687	16.22569	86.37915	63.97267	71.69688	65.2546	48.33844	34.39235	46.14212	41.50942	39.8481	49.92994	74.31415	43.71702	48.77417	32.61283	83.32807	28.15936	13.80397	26.60709	42.03522	74.24469	66.61446	55.2859	64.07676	80.70162	38.67018	62.88604	57.40658	73.61876	48.81241	26.6095	5.28809	10.31915	32.77465	44.63586	34.39039	28.51758	67.247	33.69172	40.577	40.78888	86.76749	53.14279	71.97453	39.7322	55.08713	8.42522	54.40923	46.97601	39.14252	20.97003	34.75172	59.00475	59.36832	31.51633	64.48831	22.23685	78.91417	78.78177	35.57955	35.06854	25.21765	36.46352	47.79731	10.84228	52.46374	44.22986	34.67133	39.73872	40.22071	78.49544	58.37332	20.32505	65.27064	58.81905	19.23751	50.58266	51.05379	32.34734	27.6583	34.91617	46.6191	39.47166	45.81677	74.28225	45.76127	36.95157	44.79196	30.10907	24.51692
k__Bacteria|p__Candidatus_Melainabacteria|c__Candidatus_Melainabacteria_unclassified	0.06884	0.02836	0.0	0.0	0.45699	0.0	0.0	0.0	0.0	0.0	0.0	0.0	0.0	0.0	0.0	0.0	0.0	0.0	0.0	0.0	0.0	0.0	0.0	0.0	0.0	0.0	0.0	0.0	0.01172	0.0	0.0	0.0	0.05124	0.02957	0.0	0.0	0.0	0.0	0.10107	0.04815	0.0	0.0	0.0	0.0	0.0	0.0	0.0	0.0	0.0	0.0	0.0	0.0	0.0	0.0	0.0	0.0	0.0	0.0	0.0	0.0	0.0	0.0	0.0	0.0	0.0	0.0	0.0	0.0	0.0	0.0	0.0	0.0	0.0	0.0	0.0	0.0	0.0	0.0	0.0	0.0	0.0	0.0	0.63886	0.0	0.0	0.0	0.0	0.0	0.0	0.0	0.0	0.0	0.20781	0.0	0.0	0.0	0.0	0.0	0.0	0.0	0.0	0.0	0.0	0.0	0.0	0.0	0.0	0.0	0.0	0.0	0.0	0.25261	0.0	0.0	0.0	0.02398	0.0	0.0	0.0	0.0544	0.0	0.0	0.0	0.11614	0.0	0.0	0.0	0.06299	0.0	0.0	0.0	0.0	0.0	0.0	0.0	0.0	0.10728	0.0	0.0	0.0	0.0	0.0	0.0	0.0	0.0	0.0	0.05697	0.0	0.0	0.0	0.0	0.0	0.0	0.0	0.0	0.0	0.0	0.0	0.0	0.0	0.12365	0.0	0.0	0.0	0.0	0.0	0.0	0.0	0.0	0.0	0.0	0.0	0.0	0.0	0.01943	0.0	0.0	0.0	0.0	0.0	0.0	0.0	0.0	0.0	0.0	0.0	0.01585	0.0	0.0	0.0	0.0	0.0	0.0	0.0	0.0	0.0	0.0	0.0	0.0	0.0	0.0	0.0	0.0	0.0	0.0	0.0	0.0	0.0	0.0	0.16148	0.0	0.00933	0.0	0.0	0.0	0.0534	0.0	0.01042	0.00429	0.0	0.0	0.0	0.0	0.0	0.0	0.0	0.0	0.0	0.0	0.0	0.0	0.0	0.0	0.0	0.0	0.0	0.0	0.0	0.0	0.0	0.0	0.58615	0.0	0.0	0.30926	0.0	0.21016	0.0	0.0	0.0	0.0	0.0	0.0	0.0	0.0	0.0	0.0	0.0	0.0	0.00417	0.01081	0.0	0.0	0.0	0.0	0.0	0.0	0.0	0.0	0.0	0.0	0.0	0.0	0.0	0.0	0.0	0.02927	0.03983	0.0	0.0	0.0	0.0	0.0	0.0	0.0	0.0	0.0	0.0	0.0	0.0	0.0	0.0	0.0	0.0	0.0	0.0	0.0	0.0	0.0	0.0	0.0	0.0	0.0	0.0	0.0	0.0	0.0	0.0	0.0	0.0	0.0	0.0	0.0	0.0	0.0	0.05318	0.0	0.0	0.0	0.0	0.0	0.0	0.0	0.0	0.0	0.0	0.0	0.0	0.0	0.02445	0.0	0.00418	0.0	0.0	0.0	0.0	0.0	0.0	0.0	0.0	0.0	0.0	0.0	0.0	0.0	0.0	0.0	0.0	0.0	0.0	0.0	0.0	0.0	0.0	0.0	0.0	0.0	0.0	0.0	0.0	0.0	0.0	0.0	0.0	0.0	0.0	0.0	0.0	0.0	0.0	0.0	0.0	0.0	0.0	0.0	0.0	0.0	0.0	0.12092	0.0	0.0	0.0	0.00469	0.00968	0.37983	0.0	0.0	0.01127	0.0	0.0	0.0	0.0	0.0	0.0	0.0	0.0
k__Bacteria|p__Chlamydiae|c__Chlamydiia	0.0	0.0	0.0	0.0	0.0	0.0	0.0	0.0	0.0	0.0	0.0	0.0	0.0	0.0	0.0	0.0	0.0	0.0	0.0	0.0	0.0	0.0	0.0	0.0	0.0	0.0	0.0	0.0	0.0	0.0	0.0	0.0	0.0	0.0	0.0	0.0	0.0	0.0	0.0	0.0	0.0	0.0	0.0	0.0	0.0	0.0	0.0	0.0	0.0	0.0	0.0	0.0	0.0	0.0	0.0	0.0	0.0	0.0	0.0	0.0	0.0	0.0	0.0	0.0	0.0	0.0	0.0	0.0	0.0	0.0	0.0	0.0	0.0	0.0	0.0	0.0	0.0	0.0	0.0	0.0	0.0	0.0	0.0	0.0	0.0	0.0	0.0	0.0	0.0	0.0	0.0	0.0	0.0	0.0	0.0	0.0	0.0	0.0	0.0	0.0	0.0	0.0	0.0	0.0	0.0	0.0	0.0	0.0	0.0	0.0	0.0	0.0	0.0	0.0	0.0	0.0	0.0	0.0	0.0	0.0	0.0	0.0	0.0	0.0	0.0	0.0	0.0	0.0	0.0	0.0	0.0	0.0	0.0	0.0	0.0	0.0	0.0	0.0	0.0	0.0	0.0	0.0	0.0	0.0	0.0	0.0	0.0	0.0	0.0	0.0	0.0	0.0	0.0	0.0	0.0	0.0	0.0	0.0	0.0	0.0	0.0	0.0	0.0	0.0	0.0	0.0	0.0	0.0	0.0	0.0	0.0	0.0	0.0	0.0	0.0	0.0	0.0	0.0	0.0	0.0	0.0	0.0	0.0	0.0	0.0	0.0	0.0	0.0	0.0	0.0	0.0	0.0	0.0	0.0	0.0	0.0	0.0	0.0	0.0	0.0	0.0	0.0	0.0	0.0	0.0	0.0	0.0	0.0	0.0	0.0	0.0	0.0	0.0	0.0	0.0	0.0	0.0	0.0	0.0	0.0	0.0	0.0	0.0	0.0	0.0	0.0	0.0	0.0	0.0	0.0	0.0	0.0	0.0	0.0	0.0	0.0	0.0	0.0	0.0	0.0	0.0	0.0	0.0	0.0	0.0	0.0	0.0	0.0	0.0	0.0	0.0	0.0	0.0	0.0	0.0	0.0	0.0	0.0	0.0	0.0	0.0	0.0	0.0	0.0	0.0	0.0	0.0	0.0	0.0	0.0	0.0	0.0	0.0	0.0	0.0	0.0	0.0	0.0	0.0	0.0	0.0	0.0	0.0	0.0	0.0	0.0	0.0	0.0	0.0	0.0	0.0	0.0	0.0	0.0	0.0	0.0	0.0	0.0	0.0	0.0	0.0	0.0	0.0	0.0	0.0	0.0	0.0	0.0	0.0	0.0	0.0	0.0	0.0	0.0	0.0	0.0	0.0	0.0	0.0	0.0	0.0	0.0	0.0	0.0	0.0	0.0	0.0	0.0	0.0	0.0	0.0	0.0	0.0	0.0	0.0	0.0	0.0	0.0	0.0	0.0	0.0	0.0	0.0	0.0	0.0	0.0	0.0	0.02306	0.0	0.0	0.0	0.0	0.0	0.0	0.0	0.0	0.0	0.0	0.0	0.0	0.0	0.0	0.0	0.0	0.0	0.0	0.0	0.0	0.0	0.0	0.0	0.0	0.0	0.0	0.0	0.0	0.0	0.0	0.0	0.0	0.00163	0.0	0.0	0.0	0.0	0.0	0.0	0.0	0.0	0.0	0.0	0.0	0.0	0.0	0.0	0.0
k__Bacteria|p__Chloroflexi|c__Chloroflexia	0.0	0.0	0.0	0.0	0.0	0.0	0.0	0.0	0.0	0.0	0.0	0.0	0.0	0.0	0.0	0.0	0.0	0.0	0.0	0.0	0.0	0.0	0.00117	0.0	0.0	0.0	0.0	0.0	0.0	0.0	0.0	0.0	0.0	0.0	0.0	0.0	0.0	0.0	0.0	0.0	0.0	0.0	0.0	0.0	0.0	0.0	0.0	0.0	0.0	0.0	0.0	0.0	0.0	0.0	0.0	0.0	0.0	0.0	0.0	0.0	0.0	0.0	0.0	0.0	0.0	0.0	0.0	0.0	0.0	0.0	0.0	0.0	0.0	0.0	0.0	0.0	0.0	0.0	0.0	0.0	0.0	0.0	0.0	0.0	0.0	0.0	0.0	0.0	0.0	0.0	0.0	0.0	0.0	0.0	0.0	0.0	0.0	0.0	0.0	0.0	0.0	0.0	0.0	0.0	0.0	0.0	0.0	0.0	0.0	0.0	0.0	0.0	0.0	0.0	0.00097	0.0	0.00212	0.0	0.0	0.0	0.0	0.0	0.0	0.0	0.0	0.0	0.0	0.0	0.0	0.0	0.0	0.0	0.0	0.0	0.0	0.00081	0.0	0.0	0.0	0.0	0.00627	0.0	0.0	0.0	0.0	0.0	0.0	0.0	0.0	0.0	0.0	0.0	0.0	0.0	0.0	0.0	0.0	0.0	0.0	0.0	0.0	0.0	0.0	0.0	0.0	0.0	0.0	0.0	0.0	0.0	0.0	0.0	0.0	0.0	0.0	0.0	0.0	0.0	0.0	0.0	0.0	0.0	0.0	0.0	0.0	0.0	0.0	0.0	0.0	0.0	0.0	0.0	0.0	0.0	0.0	0.0	0.0	0.0	0.0	0.0	0.0	0.0	0.0	0.0	0.0	0.0	0.0	0.0	0.0	0.0	0.0	0.0	0.0	0.0	0.0	0.0	0.0	0.0	0.0	0.0	0.0	0.0	0.0	0.0	0.0	0.0	0.0	0.0	0.0	0.0	0.0	0.0	0.0	0.0	0.0	0.0	0.0	0.0	0.0	0.0	0.0	0.0	0.0	0.0	0.0	0.0	0.0	0.0	0.0	0.0	0.0	0.0	0.0	0.0	0.0	0.0	0.0	0.0	0.0	0.0	0.0	0.0	0.0	0.0	0.0	0.0	0.0	0.0	0.0	0.0	0.0	0.0	0.0	0.0	0.0	0.0	0.0	0.0	0.0	0.0	0.0	0.0	0.0	0.0	0.0	0.0	0.0	0.0	0.0	0.0	0.0	0.0	0.0	0.0	0.0	0.0	0.0	0.0	0.0	0.0	0.0	0.0	0.0	0.0	0.0	0.0	0.0	0.0	0.0	0.0	0.0	0.0	0.0	0.0	0.0	0.0	0.0	0.0	0.0	0.0	0.0	0.0	0.0	0.0	0.0	0.0	0.0	0.0	0.0	0.0	0.0	0.0	0.0	0.0	0.0	0.0	0.0	0.0	0.0	0.0	0.0	0.0	0.0	0.0	0.0	0.0	0.0	0.0	0.0	0.0	0.0	0.0	0.0	0.0	0.0	0.0	0.0	0.0	0.0	0.0	0.0	0.0	0.0	0.0	0.0	0.0	0.0	0.0	0.0	0.0	0.0	0.0	0.0	0.0	0.0	0.0	0.0	0.0	0.0	0.0	0.0	0.0	0.0	0.0	0.0	0.0	0.0	0.0	0.0	0.0	0.0	0.0	0.0	0.0	0.0	0.0
k__Bacteria|p__Firmicutes|c__Bacilli	0.12308	1.23832	1.07885	0.7057	0.02919	0.60893	0.60763	0.3403	0.44641	0.01953	0.42938	0.19707	0.03751	0.09855	15.31129	0.12801	0.69857	0.37181	0.0152	0.0931	0.08922	2.0498	0.16078	0.81902	0.34143	0.3812	2.54012	1.304	0.19527	0.19021	0.7712	0.45857	0.21584	0.01317	0.04787	0.06988	0.0375	0.02474	0.15591	0.12516	0.05233	0.37938	0.17024	0.15803	0.92965	0.76056	0.20546	0.11643	0.04441	2.25983	0.69609	0.4427	24.08689	6.37079	0.30364	0.0	0.41897	0.73375	0.05601	0.04622	0.08562	0.01757	1.07492	0.12695	0.56248	0.0	1.21608	0.6952	0.84773	0.28124	0.84033	0.04668	0.03491	3.20025	0.67878	0.49042	0.34324	0.05498	0.08029	0.3896	0.18301	0.31442	0.25695	0.3703	0.0	0.0	0.56433	0.13045	2.2345	0.06255	0.01193	0.00553	0.11189	0.18095	0.28526	0.0949	0.10359	0.11895	0.47677	0.01714	0.13108	0.02374	0.80395	1.15182	0.19264	0.75672	0.05427	0.28801	0.12823	0.64723	0.12687	0.18806	14.64458	0.44769	0.02685	0.08	0.27406	0.0	0.02776	0.53084	0.80754	0.0149	0.07153	0.01691	0.03269	0.53275	0.0	0.0	0.18901	0.02585	0.02002	0.64671	0.25123	3.68437	0.1949	0.05019	0.26376	0.05833	0.01296	0.64303	0.89947	0.95463	0.4835	0.16842	0.87525	0.00222	0.12599	0.06546	0.13558	0.00366	0.38609	0.69438	0.06893	0.0	1.28456	0.39701	0.68027	0.0	0.00448	0.0	0.63254	0.4287	0.0	0.79791	3.21271	0.25489	0.25936	0.26669	0.11852	0.05835	0.11661	0.91941	0.67809	0.00504	0.06094	0.29627	0.29178	2.02615	0.07491	0.60684	0.24749	0.0	0.08286	0.03719	0.0	0.95067	0.38307	0.2929	0.04969	0.03119	0.36017	0.0881	1.17431	0.04826	0.02369	0.33524	1.96123	1.50437	1.16457	11.11636	0.01996	0.15016	0.48926	0.8476	3.4321	3.84114	7.94259	0.9207	0.12931	0.04004	0.29156	0.04299	0.30363	0.85484	0.0302	0.04814	0.10126	2.11075	2.58071	0.34912	0.08686	0.16448	0.0	0.22092	0.31673	0.57843	4.42012	0.16336	1.22988	4.55181	0.21137	0.39	0.00736	18.44029	3.53094	0.26298	10.16415	4.92639	0.7837	3.09244	0.49415	0.37094	0.10431	0.08681	0.0	0.0	0.55527	0.15203	0.01938	0.00802	1.05454	0.42842	0.02054	1.07602	0.4297	1.75304	0.37338	0.53724	0.03085	0.46792	0.18728	4.32392	0.69984	1.15163	0.17336	0.27225	0.20827	0.03279	0.05905	0.21154	0.42455	0.08242	0.08652	0.17528	0.12554	0.538	0.60946	0.52923	0.01555	0.03325	0.0527	0.06776	1.37054	0.0	0.02295	0.19043	0.1225	0.15362	0.62484	0.50482	1.06816	0.06571	0.28028	3.70212	0.45628	0.60183	0.25623	0.08259	1.43694	0.7382	0.70832	0.3252	0.18094	0.60977	0.40777	0.30436	0.28721	1.25788	0.21938	0.00465	0.12434	0.07019	0.03974	0.1927	0.65497	0.27146	0.83826	4.10221	0.38684	1.94975	1.60931	0.0	0.45468	0.16678	0.05491	0.25227	0.03116	0.00187	0.03473	0.30303	0.0	1.43461	1.59649	0.7574	0.00313	0.0	0.65451	0.4753	1.92484	0.62913	0.15551	0.12014	1.94723	0.48743	0.13189	0.0	0.36461	0.01808	1.76628	0.0	0.0235	0.00887	0.45209	0.28632	0.12443	0.37712	1.54163	5.88542	0.90201	0.32377	2.99689	0.05851	0.2768	0.00561	0.29223	1.37494	0.05279	0.05063	0.44901	1.71304	4.10282	0.68968	0.1958	0.00309	1.07835	0.95755	3.43397	9.52506	0.43403	0.03723	0.2793	5.06016	0.5746	0.40722	3.60078	4.35392	0.51151	0.55585	0.2608	0.07888	0.62508	0.96815	2.78793	0.74514	0.2905	0.40345
k__Bacteria|p__Firmicutes|c__Clostridia	20.27079	56.73791	43.38139	27.07102	28.1609	64.44442	35.27092	51.72415	30.28893	16.30258	51.52633	15.56302	10.7978	35.60626	23.4784	37.35325	41.72522	31.07493	56.29493	25.51357	16.94174	53.51105	53.20902	41.56867	45.25579	26.91082	37.50545	63.87618	29.12708	35.43471	39.89789	38.6007	11.43167	31.5851	46.0499	38.85446	31.91927	28.05502	56.94502	45.08373	48.37791	37.31545	70.16459	41.10923	50.96757	54.24597	54.58368	68.63363	49.84156	73.94818	61.36378	12.30128	36.91926	24.93632	31.77631	25.43371	40.96795	79.06885	78.43293	22.82593	58.08525	14.20697	43.99618	51.31545	23.44762	32.79884	29.69791	74.12603	30.86948	37.34223	54.03548	41.97138	22.36156	38.88106	20.32128	56.34989	14.65518	13.17593	25.32595	20.28663	51.76508	52.13735	38.2075	39.32497	40.88943	26.09511	62.84626	53.88243	48.7911	35.17595	35.75129	25.33259	62.28645	46.43981	59.28796	75.82708	45.7886	55.90597	7.3721	14.04229	75.81951	8.10528	61.85965	41.94751	58.90936	48.23161	41.86789	26.78604	71.86553	58.41344	19.06339	57.57552	30.18303	35.84263	25.98747	23.06732	68.45034	41.18387	16.33132	39.75045	53.15798	45.77646	16.4422	69.71549	47.10588	29.50547	42.95506	38.95905	33.80457	21.59133	55.46857	66.52489	31.9364	38.20887	41.77848	28.48831	32.78912	46.05328	22.08882	36.24799	43.83979	28.23837	47.11807	10.9305	51.87034	21.59076	50.50067	49.19093	47.31028	37.20347	29.55702	46.44255	31.82966	69.97566	36.92992	58.38599	30.82308	31.53995	55.44695	32.93899	77.90553	49.72278	11.06433	29.05456	62.32199	9.20578	61.53539	46.11413	22.31417	21.12808	37.86869	67.04685	36.58495	28.58007	39.13138	52.07885	49.86067	31.92546	18.95137	47.10698	51.15604	53.17346	40.25618	30.51482	24.96847	27.66503	46.32505	38.02585	20.29908	47.95572	47.81874	79.85525	58.64218	33.01971	25.45401	47.64688	61.05509	62.88655	63.74097	39.51567	34.01887	26.98415	37.89859	42.6992	46.61059	47.46353	51.23514	40.19477	59.85887	60.37643	26.90795	23.12645	38.70635	24.70564	31.20571	56.46555	14.88291	45.89098	45.87896	38.97451	67.63831	22.24156	29.03951	55.89357	58.29576	42.33019	47.54737	16.09005	53.98778	31.69276	57.01582	25.70893	29.28027	28.21334	20.51667	74.70184	47.41718	40.82244	38.2936	46.19813	35.90952	45.20532	39.64123	46.56194	48.39907	28.29108	25.97292	35.94303	68.50032	26.48379	36.03906	36.15393	25.44483	48.47719	11.99183	36.34101	52.82476	33.4021	29.5623	58.44029	68.40607	49.12552	46.95812	29.82368	31.26287	67.3867	14.30378	44.04655	56.85207	40.63574	70.31446	38.9744	58.80159	45.56089	33.36094	36.33599	36.36807	64.20104	23.48914	27.79058	62.28079	37.69061	50.83379	37.18517	55.09704	33.33543	25.29433	70.98341	39.2506	40.34354	40.8674	26.82957	61.96141	15.44966	37.99133	53.24413	59.48552	42.54534	19.69337	58.02455	86.61042	55.74274	35.56744	36.21665	51.64119	34.11023	74.44416	9.32959	29.61385	23.33409	29.88325	46.76164	62.63914	50.97742	56.42537	56.17486	47.10583	16.67536	44.85956	41.94127	60.69636	14.30219	59.75107	78.4299	63.39936	53.91614	22.47746	28.59792	41.79402	29.41251	15.30117	54.70777	33.64348	39.95941	22.36443	42.67513	62.81257	90.75658	71.20503	49.74771	41.71883	58.8141	52.91802	28.26047	53.48709	54.85711	52.07889	8.3665	33.27748	14.84571	35.98528	36.77493	89.22176	34.92134	48.08693	42.84046	72.76767	48.26819	38.26641	22.90737	58.34875	28.90248	55.84359	11.47966	11.64214	57.13391	49.07475	50.93959	52.24879	37.45257	70.77374	38.75069	46.22199	55.80658	45.2089	45.00018	12.25772	20.26534	77.07395	28.78967	34.26153	58.60195	22.62792	19.8627	61.59288	65.27622	60.02276	44.65803	57.76193	42.29503	19.91399	46.01501	52.61083	48.60486	32.45586	67.59
k__Bacteria|p__Firmicutes|c__Erysipelotrichia	0.04362	0.22825	0.09962	8.40264	0.10946	0.11005	1.9949	0.64032	0.08771	0.01852	0.24422	2.43292	0.00674	0.22675	4.40564	0.02181	0.09774	1.68839	0.95405	0.02285	1.77994	0.04251	0.2828	4.88802	0.6743	3.46002	0.00772	0.17223	0.48705	0.70451	4.22463	1.86094	0.0849	0.33639	0.08259	0.06075	0.08369	0.03627	0.22337	0.12073	0.18339	1.52475	1.46695	0.02232	0.0	0.03745	0.05129	0.40231	0.96763	0.13569	0.08256	0.26085	0.3863	0.49535	0.24371	0.0341	0.20173	2.85601	0.62305	0.21554	0.01398	0.0	0.04989	2.78849	0.0	0.0	1.45852	0.0	0.0	0.35266	6.99652	0.20609	0.321	0.92202	0.07756	0.23314	0.43287	0.59003	1.77444	1.43959	0.02794	0.20913	0.07759	0.43172	0.0	0.0	0.01276	0.02961	1.31645	2.53745	0.82847	0.00402	0.4355	1.2584	0.11899	4.27891	1.19345	0.96601	0.79053	0.4254	0.34722	0.04689	0.00549	0.01522	0.18746	0.99781	0.0	0.60153	1.18265	0.1163	0.02281	0.01299	0.0	0.7474	0.46459	0.15356	0.56987	0.20944	0.14733	0.00806	1.68238	1.68829	0.02739	0.39492	0.2621	0.00687	3.0574	0.19268	0.02043	1.18133	0.08579	0.0	2.15284	0.53733	1.92046	0.0505	0.82081	0.50619	1.10796	0.13794	0.0233	0.02086	1.10313	0.63725	0.00187	0.0051	0.07407	0.00881	1.23968	0.0	0.0	0.81468	0.62679	0.13853	0.00263	0.39768	0.54199	0.26564	0.46709	2.03266	1.56859	2.86956	0.50764	0.0	0.50163	0.16048	0.0	0.06211	0.25931	3.96276	1.68556	1.14996	0.0	0.26871	0.22241	0.13368	1.20993	5.89214	0.94344	19.48545	1.56231	0.20433	0.43206	0.21205	0.17347	0.22198	0.0	1.50819	0.57982	1.75163	0.04155	0.85492	4.76933	0.01918	0.26453	0.36604	2.52368	0.22707	0.17676	3.37331	3.13062	1.10389	0.03395	0.97065	0.05783	0.07277	0.05266	0.11983	0.04222	0.16017	0.30666	0.02506	0.14434	0.09627	0.04673	0.05339	0.10531	0.0134	0.16385	2.52398	2.66877	1.7074	0.19401	0.35311	1.33539	0.41389	1.90412	2.00515	1.02897	0.23273	0.11748	0.01176	0.15018	3.06018	0.57526	1.98309	0.38249	0.23212	1.29707	0.00343	0.12342	0.28317	0.18075	2.08903	0.53659	0.18978	0.17711	0.29819	0.83818	0.0	0.17057	0.93441	0.09046	0.37822	0.42978	0.07766	0.63196	1.5133	0.94526	4.83403	2.61257	0.45857	1.19171	0.11175	0.07174	0.37741	5.05773	7.6391	0.12171	1.25468	2.13863	1.16165	0.20554	0.37521	0.16571	2.21827	0.50507	0.03816	0.06691	0.38419	0.1433	2.40446	0.151	0.76185	0.18525	0.01341	0.07043	0.17137	0.23482	0.22266	0.65546	0.0247	0.06579	13.27802	0.25936	0.18207	0.10601	0.21661	0.41856	0.41692	1.07086	0.09112	0.0	0.87756	0.89682	0.14712	0.70601	0.61224	0.39605	0.06012	1.81301	0.21568	0.9221	0.22637	0.657	0.07561	0.39353	0.06708	0.15437	1.84242	0.9169	0.0	0.03037	0.47529	0.65533	0.14208	1.91351	0.10416	0.06965	0.26881	0.22627	2.16591	0.34047	0.09193	0.01521	0.27415	0.68139	0.52391	1.96571	4.02131	1.14559	4.92613	0.74002	0.02538	3.85939	2.33508	1.57333	0.29974	3.80762	8.33535	0.55389	0.23498	0.11793	0.16785	0.0	0.01179	0.0	0.12321	0.0	0.01574	0.08495	2.02762	4.82426	1.2045	1.4417	0.20814	0.327	0.27968	0.15791	0.09221	5.08993	2.37315	0.10453	0.12953	0.10075	0.20782	0.18255	0.13634	0.13965	0.20244	0.24782	1.75412	0.02771	0.02666	0.78645	0.17386	0.01874	0.01821	0.08204	0.25625	0.82293	0.47066	0.39466	0.2501	17.88525	0.78097
k__Bacteria|p__Firmicutes|c__Firmicutes_unclassified	2.07243	0.17749	0.09089	0.58436	0.02563	1.18262	0.26882	2.69909	0.2203	0.32123	0.14951	0.0	0.50863	0.07073	0.0	0.42869	0.04383	0.14814	1.0306	0.59885	9.00338	0.06016	0.44201	0.6067	0.07125	1.39392	0.0	0.16098	0.40953	0.38552	0.53613	0.30654	0.16315	0.37417	0.02824	0.26273	0.02922	0.25403	0.81684	0.11725	0.12587	1.10605	0.45072	0.84707	0.5904	0.04018	0.01308	0.85277	0.16382	0.18997	0.38	0.0	0.0	2.12149	0.0961	0.03951	0.74575	0.73453	3.86938	0.02788	0.21352	0.0	0.18004	0.10061	0.0374	0.94447	0.01239	0.32702	0.40152	0.01072	0.63695	0.0	0.0	0.0	0.0	0.21005	0.02544	0.0	5.36339	1.32201	0.64647	0.34654	10.25822	0.10641	0.17438	0.27459	0.01919	0.0	0.0	0.39408	0.2214	0.02059	1.28097	0.10272	2.13451	1.84009	2.89767	0.0911	0.0	0.0	3.75096	0.27647	0.70729	0.04848	3.53015	8.63794	1.16262	0.0	0.0	0.0	0.25931	2.46917	0.19403	0.72737	0.27501	2.91544	1.43304	1.61891	0.0	0.07806	0.31346	2.33234	0.28691	0.20012	1.20054	0.29795	3.38267	1.27585	0.03913	0.01665	0.58691	0.59214	0.24616	0.82911	16.92631	0.30643	0.68204	8.55281	2.96569	1.99586	2.23679	0.34657	1.75536	0.00214	0.20681	0.0	0.36868	13.37445	0.98999	0.11951	0.0	0.0	0.16174	0.54818	0.15945	1.48803	0.10781	4.65042	0.72426	1.06207	0.1569	0.24162	0.0	0.0	0.1782	0.0	1.13014	0.02045	0.0	0.21808	0.03143	0.00359	0.22243	4.77855	0.86352	0.75353	1.55401	0.0	0.04326	1.02473	0.05106	0.18614	0.80033	0.29746	0.0	0.08677	0.06682	3.08823	0.78037	1.84543	0.54456	0.5396	0.66667	0.14236	2.21988	4.43453	0.2443	0.05291	0.35371	1.96507	0.12963	4.3071	0.05829	0.10271	0.11807	0.42537	0.20268	1.87648	0.13993	0.28414	0.06605	0.09752	0.03065	0.0	0.02542	0.27049	0.0	0.85656	0.10011	5.2678	0.55454	3.4569	0.11798	0.15902	0.60334	0.35276	0.09756	0.04646	1.48138	0.1533	0.47251	0.09038	0.15897	0.03343	0.07981	0.83086	0.91878	1.40764	1.06661	1.15381	0.23275	10.70809	0.51964	12.79374	0.7411	0.14901	1.28498	0.2706	1.63424	0.02377	0.23941	0.29171	0.19233	0.22675	0.04302	0.12528	0.04882	0.8179	2.55476	1.35217	4.41449	0.01206	0.38294	0.37382	0.68933	0.16217	0.21736	0.30518	0.86631	0.19764	0.24726	0.50983	0.14068	0.84099	0.95169	11.13376	0.32018	0.5203	0.30735	0.7036	0.13143	3.42863	0.0492	1.07154	0.22454	0.01985	0.0	0.96605	3.3116	4.1004	0.71063	0.43879	3.57011	0.40695	0.75374	0.54861	0.93034	1.2935	0.23319	0.15365	0.39711	1.01984	2.34152	1.00631	0.03566	0.25313	0.33535	0.04049	0.42973	0.79453	0.0116	0.29709	0.73417	0.13459	0.30263	1.77663	1.02376	0.0	1.00266	1.15465	0.27611	0.08719	0.18517	0.07853	1.756	0.47332	0.57064	0.25304	0.03268	0.23113	0.04892	0.66502	0.03555	0.16762	0.25375	0.83804	1.20601	0.40664	0.12933	1.37427	1.70924	0.2911	0.55271	0.0	2.8223	0.0	0.18838	0.0	0.0	4.09582	14.75421	3.7302	0.12602	0.19874	0.98571	2.6696	0.0	0.28783	0.74058	7.09173	1.63754	0.16711	0.97157	0.0	0.0	1.16916	2.14326	2.52265	0.07182	0.2471	1.01922	1.65258	0.34087	0.60697	1.1598	0.77996	0.13056	0.0	0.28472	0.46258	0.54832	0.29764	0.0282	0.02468	0.61891	0.4242	0.52779	1.39751	0.7019	0.96576	0.01047	2.16727	1.85355	0.11523	0.54305	0.28358
k__Bacteria|p__Firmicutes|c__Limnochordia	0.0	0.0	0.0	0.0	0.0	0.0	0.0	0.0	0.0	0.0	0.0	0.0	0.0	0.0	0.0	0.0	0.0	0.0	0.0	0.0	0.0	0.0	0.00658	0.0	0.0	0.0	0.0	0.0	0.0	0.0	0.0	0.0	0.0	0.0	0.0	0.0	0.0	0.0	0.0	0.0	0.0	0.0	0.0	0.0	0.0	0.0	0.0	0.0	0.0	0.0	0.0	0.0	0.0	0.0	0.0	0.0	0.01105	0.0	0.0	0.0	0.0	0.0	0.0	0.0	0.0	0.0	0.0	0.0	0.0	0.0	0.0	0.0	0.0	0.0	0.0	0.0	0.0	0.0	0.0	0.0	0.0	0.0	0.0	0.0	0.0	0.0	0.0	0.0	0.0	0.0	0.0	0.0	0.0	0.0	0.0	0.0	0.0	0.0	0.0	0.0	0.0	0.0	0.0	0.0	0.0	0.0	0.0	0.0	0.0	0.0	0.00092	0.0	0.0	0.01184	0.00429	0.0	0.00805	0.0	0.0	0.0	0.0	0.0	0.0	0.0	0.0	0.0	0.0	0.0	0.0	0.0	0.0	0.0	0.0	0.0	0.0	0.0023	0.0	0.0	0.00717	0.0	0.01323	0.0	0.0	0.0	0.01085	0.0	0.0	0.00634	0.0	0.0	0.0	0.0	0.0	0.0	0.0	0.0	0.0	0.0	0.0	0.0	0.0	0.0	0.0	0.0	0.0	0.0	0.0	0.0	0.0	0.0	0.0	0.0	0.0	0.0	0.0	0.0	0.0	0.0	0.0	0.0	0.0	0.0	0.0	0.0	0.0	0.0	0.0	0.0	0.0	0.0	0.0	0.0	0.0	0.0	0.0	0.0	0.0	0.0	0.0	0.0	0.0	0.0	0.0	0.0	0.0	0.0	0.0	0.0	0.0	0.0	0.0	0.0	0.0	0.0	0.0	0.0	0.0	0.0	0.0	0.0	0.0	0.0	0.0	0.0	0.0	0.0	0.0	0.0	0.0	0.0	0.0	0.0	0.0	0.0	0.0	0.0	0.0	0.0	0.0	0.0	0.0	0.0	0.0	0.0	0.0	0.0	0.0	0.0	0.0	0.0	0.0	0.0	0.0	0.0	0.0	0.0	0.0	0.0	0.0	0.0	0.0	0.0	0.0	0.0	0.0	0.0	0.0	0.0	0.0	0.0	0.0	0.0	0.0	0.0	0.0	0.0	0.0	0.0	0.0	0.0	0.0	0.0	0.0	0.0	0.0	0.0	0.0	0.0	0.0	0.0	0.0	0.0	0.0	0.0	0.0	0.0	0.0	0.0	0.0	0.0	0.0	0.0	0.0	0.0	0.0	0.0	0.0	0.0	0.0	0.0	0.0	0.0	0.0	0.0	0.0	0.0	0.0	0.0	0.0	0.0	0.0	0.0	0.0	0.0	0.0	0.0	0.0	0.0	0.0	0.0	0.0	0.0	0.0	0.0	0.0	0.0	0.0	0.0	0.0	0.0	0.0	0.0	0.0	0.0	0.0	0.0	0.0	0.0	0.0	0.0	0.0	0.0	0.0	0.0	0.0	0.0	0.0	0.0	0.0	0.0	0.0	0.0	0.0	0.0	0.0	0.0	0.0	0.0	0.0	0.0	0.0	0.0	0.0	0.0	0.0	0.0	0.0	0.0	0.0	0.0	0.0	0.0	0.0	0.0	0.0	0.0	0.0	0.0	0.0	0.0	0.0	0.0	0.0	0.0	0.0	0.0
k__Bacteria|p__Firmicutes|c__Negativicutes	3.4163	0.97968	0.25619	0.38555	0.04291	0.67757	5.51555	1.07291	1.28774	0.11836	1.91348	7.08841	1.12844	3.14465	1.51409	1.0814	0.63254	5.72207	0.61459	1.97641	0.00459	0.46803	0.81193	0.36451	0.95929	0.15165	1.52935	1.01242	4.96722	7.26539	1.28544	1.5146	4.29191	2.9215	0.23647	0.00515	0.1887	0.0	1.33167	0.95737	0.15298	1.49733	0.85228	2.52535	2.65816	0.17733	0.05115	0.19669	0.45396	0.74941	0.75524	1.4996	4.95163	0.35316	1.70152	0.31286	1.47465	0.13067	0.04163	2.66107	0.5081	1.27942	5.88306	0.05393	2.21351	0.92713	0.98963	1.7772	1.07176	4.03756	1.80572	7.90543	9.56478	0.44721	0.95556	4.31537	2.12545	1.66445	0.74756	0.2375	2.02643	1.5505	0.49552	2.25643	0.03728	0.12017	0.35171	0.90088	1.50948	1.60192	1.17262	0.77509	0.69124	0.01707	2.19282	0.31333	1.92217	0.42309	0.62473	1.11661	0.71411	0.16067	0.49066	0.96219	0.70014	1.95999	1.42178	4.14828	3.33745	0.84568	0.08187	0.83212	0.68681	0.4586	3.04578	3.00511	3.34784	2.10962	1.95587	1.0378	1.69695	2.80277	3.08957	0.28625	0.40539	0.06006	2.86811	0.0	0.28563	0.579	1.55797	0.04544	0.80817	0.49666	4.73063	0.42491	2.35258	2.31896	0.8601	1.28074	0.49613	0.66617	0.03434	2.87961	0.28328	0.79272	0.21492	3.61824	3.93784	0.0	1.45983	5.24878	1.64968	1.95303	1.13886	0.50565	2.12483	0.48347	0.87936	0.21909	0.47342	5.48152	1.30554	2.05589	1.41477	1.58943	0.47884	1.52218	0.07133	1.06441	0.00525	0.73446	0.0	4.58359	0.97928	1.67101	1.29573	1.71108	1.46647	4.43904	2.03349	1.45221	2.79087	2.1443	2.33734	0.44654	6.74294	1.51784	0.64117	0.01622	0.26821	0.42054	1.57744	0.35589	1.97607	6.08252	0.00341	1.22577	1.86264	4.39477	2.93612	1.4755	1.09457	2.37033	1.0967	1.86404	1.53755	1.00139	1.28637	2.82994	2.08794	2.81875	0.83402	0.81686	0.68973	0.86269	0.41647	2.5749	0.55374	6.69356	8.63996	0.58984	0.52969	3.29155	2.33087	2.60312	3.19171	0.8836	0.38817	0.94779	0.23114	1.32693	1.67006	4.69342	2.52784	0.23454	4.26804	1.80732	1.13587	2.19334	2.3627	5.80102	1.2139	0.1375	1.02558	1.5357	3.31926	1.08475	4.6059	4.58625	7.04776	2.84766	1.16135	1.86504	4.61729	2.30204	0.32268	1.76438	5.65391	4.41024	0.0	2.67645	15.91188	16.70879	16.34249	0.18782	2.68664	0.99102	1.41686	3.26216	2.86156	0.67955	0.0	1.26013	2.81715	4.03048	3.63136	0.45698	0.80182	0.18971	1.33216	2.03459	4.21791	0.97528	0.84337	0.6358	1.48693	0.90861	1.4893	1.42876	0.92107	0.77249	2.37186	9.89791	2.6154	0.49983	0.86407	0.51265	4.03498	1.44766	1.53704	4.39501	13.5778	1.74102	1.17982	0.9345	3.61222	2.17746	3.65499	3.89318	1.4678	3.5498	1.06856	1.31082	0.08771	1.01561	0.064	0.15154	2.77322	0.50351	1.96603	1.15588	1.29674	1.88278	5.37243	2.25615	0.66941	1.0231	1.16621	3.24297	0.79507	1.9866	1.18768	1.00488	0.61727	1.85183	1.50081	1.25922	3.36159	4.64381	5.466	0.60909	0.2742	1.78158	0.98412	2.16821	3.51582	4.50787	5.70734	0.00465	4.27575	3.39891	0.27959	1.16453	1.84972	1.05521	4.55984	5.09008	0.77882	1.53699	1.38706	2.70546	3.36312	1.39231	0.91398	0.37758	3.39968	4.21539	0.9728	0.71074	1.57364	0.19327	1.1064	0.74395	1.36657	1.36314	3.10805	3.52	0.7044	0.63271	2.52929	8.86506	1.67043	1.92979	0.54156	0.51057	0.89234	1.54635	0.35641	0.49395	3.53937	0.09352	0.37305	1.19984	0.38878	2.9528
k__Bacteria|p__Firmicutes|c__Tissierellia	0.0	0.0	0.0	0.0	0.0	0.0	0.0	0.0	0.0	0.0	0.02342	0.00159	0.0	0.04036	0.0	0.0	0.0	0.0	0.0	0.0	0.0	0.0	0.0	0.0	0.0	0.00527	0.0	0.0	0.0	0.0	0.0	0.0	0.0	0.0	0.0	0.0	0.0	0.0	0.0	0.0	0.00452	0.0	0.0	0.0	0.0	0.0	0.0	0.0	0.0	0.0	0.0	0.0	0.0	0.0	0.0	0.0	0.0	0.0	0.0	0.0	0.0	0.0	0.0	0.0	0.0	0.0	0.0	0.0	0.0	0.0	0.0	0.00546	0.0	0.0	0.0	0.0	0.0	0.0	0.0	0.0	0.0	0.0	0.0	0.0	0.0	0.0	0.0	0.0	0.0	0.0	0.0	0.0	0.0	0.0	0.0	0.0	0.0	0.0	0.0	0.0	0.0	0.00541	0.0	0.00818	0.0	0.0	0.0	0.0	0.0	0.0	0.0	0.0	0.0	0.0	0.0	0.0	0.0	0.0	0.0	0.0	0.0	0.0	0.0	0.42696	0.0	0.0	0.0	0.0	0.0	0.0	0.0	0.0	0.0	0.0	0.0	0.0	0.0	0.0	0.0	0.0	0.0	0.0	0.0	0.0	0.0	0.0	0.0	0.0	0.0	0.0	0.0	0.0	0.0	0.0	0.0	0.0	0.0	0.0	0.0	0.0	0.0	0.0	0.0	0.0	0.0	0.0	0.0	0.0	0.0	0.0	0.02698	0.0	0.0	0.0	0.0	0.0	0.0	0.0	0.0	0.0	0.0	0.0	0.0	0.0	0.0	0.0	0.0	0.0	0.0	0.0	0.0	0.0	0.0	0.0	0.1063	0.03187	0.0	0.0	9e-05	0.0	16.93101	2.29517	0.0	0.0	0.10971	0.01234	0.02939	0.0	0.0	0.0	0.0	0.0	0.0	0.0	0.0	0.0	0.0	0.0	0.01387	0.0	0.0	0.0	0.0	0.0	0.0	0.0	0.00726	0.07904	4.81378	6.42237	0.0	0.0	0.0	0.0	0.0	0.0	0.0	0.0	0.0	0.0	0.0	0.0	0.0	0.0	0.0	0.0	0.0	0.0	0.0	0.0	0.0	0.0	0.0	0.0	0.0	0.0	0.0	1.03778	0.0	0.0	0.0	0.0	0.0	0.0	0.04659	0.0	0.0	0.00986	0.0	0.00421	0.0334	0.0	0.00761	0.0	0.0	0.0	0.0	0.0	0.0	0.0	0.0	0.0	0.0	0.0	0.0	0.0	0.0	0.0	0.31656	0.30113	2.13252	0.0	0.04026	0.15571	0.0	0.0	0.0	0.082	0.0	0.0093	0.00194	0.00089	0.0	0.0	0.0	0.0	0.0	0.0	0.0	0.0	0.0	0.0	0.0	0.0	0.0	0.0	0.0	0.0	0.0	0.0	0.00215	0.0	0.0	0.0	0.0	0.0301	0.0	0.0	0.0	0.0	0.0	0.0	0.0	0.0	0.0	0.0	0.04075	0.0	0.01528	0.0	0.09194	0.0	0.01486	0.0	0.0	0.0	0.0	0.0	0.0	0.0	0.0	0.0	0.0	0.0	0.0	0.0	0.0	0.0	0.0	1.49994	0.00839	0.0	0.0	0.0	0.0	0.0	0.0	0.0	0.05561	0.15117	0.0	0.0	0.01113	0.0	0.0	0.0	0.0	0.0018	0.0	0.0	0.0	0.0	0.0	0.0	0.0	0.0	0.0	0.0	0.0	0.12262	0.0	0.0	0.0	0.00414	0.00141	0.0
k__Bacteria|p__Fusobacteria|c__Fusobacteriia	0.0	0.0	0.0	0.0	0.31586	0.0	0.0	0.0	0.0	0.0	0.0511	0.04716	0.0	0.00114	1.11811	0.0	0.0	0.0	0.00023	0.0	0.0	0.0	0.0	0.0	0.0	0.0	0.0	0.0	0.0599	0.0	0.02587	0.21825	0.20633	1.34041	0.0	0.0	0.0	0.0	0.17572	0.01844	0.0	0.0	0.0	0.0	0.0	0.00528	0.0	0.0	0.0	0.0	0.0	0.0	17.3732	0.0	0.0	0.0	0.0	0.0	0.0	0.0	0.0	0.0	0.0	0.0	0.0	0.0	0.0	0.0	1.78798	0.0	0.0	0.0	0.0	0.1044	1.32173	0.0	0.0	0.0	0.0	0.0	0.0	0.0	0.0	0.0	8.99618	14.10746	0.0	0.0	0.0	0.0	0.05343	0.0	0.0	0.0	0.0	0.0	0.0	0.0	0.95435	0.0	0.0	0.0	0.0	0.0	0.0	0.0	0.0	2.1218	1.87211	0.0	0.0	0.0	0.0	0.0	0.0	0.0	0.0	2.02135	0.0	0.64837	0.0	0.0	0.0	0.32563	0.0	0.0	0.43992	0.0	0.0	0.0	0.0	0.06258	0.0	0.0	0.0	0.0	0.0	0.0	0.0	0.0	0.0	0.0	0.0	0.0	0.0	0.10626	0.0	0.0	0.0	0.0	0.0	0.0	0.0	0.0	0.0	0.0	0.0	0.0	2.07555	0.1756	0.0	0.0	0.0	0.0	0.0	0.0	0.0	0.00898	0.0	0.0	0.03038	0.0	0.0	0.0	0.0	0.0	0.0	0.0	0.0	0.0	0.0	0.45324	0.0	0.0	0.0	0.0	0.0	0.0	0.0	0.0	0.0	0.0	0.0	0.0	0.0	0.0	0.0	0.0	0.0	0.0	9.17075	0.81484	0.0	0.0	0.05653	0.0042	0.0	0.0	0.0	0.0	0.0	0.0	0.0	0.0	0.0	0.38352	0.0	0.0	0.0	0.0	0.0	0.0	0.0	0.0	0.0	0.0	0.0	0.01899	0.0	0.0	0.0	0.0	0.0	0.0	0.0	0.0	0.0	0.0	0.0	0.0	0.0	0.0	0.0	0.0	0.0	0.0	0.0	0.0	0.0	0.0	0.0	0.0	0.0	0.0	0.0	0.0	0.0	0.19591	0.0	0.05982	0.0	0.0	0.0	0.0	0.0	0.0	0.0	0.0	0.0	0.01135	0.0	0.0	0.0	0.0	0.0	0.0	0.0	0.04914	0.0	0.0	0.72165	0.0	0.0	0.0	0.0	0.0	0.0	0.0	0.0	0.0	0.05599	0.8726	0.22826	0.0	0.0	0.0	0.0	0.0	0.0	0.00096	0.0	0.0	0.0	0.0	0.0	0.0	0.0	0.0	0.0	0.0	0.0	0.0	0.0	0.0	0.0	0.0	0.0	0.0	0.0	0.0	0.0	0.00457	0.0	0.0	0.0	0.0	0.0	0.0	0.0	0.0	0.0	0.0029	0.0	0.0	1.03022	0.0	0.0	0.0	0.0	0.0	0.08211	0.0	0.0	0.0	0.0	0.0	0.01316	0.0	0.0	0.0	0.0	0.02019	0.0	0.00939	0.0	0.0	0.0	0.0	0.0	0.65663	0.0	0.0	0.0	2.40722	3.77486	0.0	0.0	0.0	0.0	0.0	0.0	0.0	0.0	0.0	0.0	0.0	0.0	0.00236	0.0	0.0	0.0	0.0	0.0	0.0	0.0	0.0	0.0	0.0	0.0	0.0	0.0	0.0	0.0	0.0016	0.0	0.0
k__Bacteria|p__Lentisphaerae|c__Lentisphaeria	0.0	0.0	0.02592	0.0	0.03477	0.0	0.0	0.0	0.0	0.0	0.0	0.0	0.00257	0.0	0.0	0.0	0.0	0.0	0.0	0.0	0.0	0.0	0.0	0.0	0.0	0.0	0.0	0.0	0.24315	0.0	0.0	0.0	0.55511	0.30293	0.0	0.0	0.0	0.0	0.0	0.0	0.03298	0.00433	0.0	0.01126	0.00763	0.0	0.0	0.0	0.0	0.0	0.0	0.0	0.0	0.0	0.0	0.0	0.0	0.0	0.0	0.0	0.0	0.0	0.0	0.0	0.0	0.0	0.0	0.0	0.0	0.0	0.0	0.0	0.0	0.0	0.0	0.00623	0.0	0.0	0.0	0.0	0.0	0.0	0.0	0.0	0.0	0.0	0.0	0.0	0.0	0.0	0.0	0.0	0.0	0.0	0.03919	0.0	0.0	0.0	0.0	0.0	0.0	0.0	0.0	0.0	0.00232	0.0	0.00767	0.0	0.0	0.0	0.0	0.0	0.0	0.05201	0.0	0.01122	0.0	0.0	0.0	0.0	0.0	0.0	0.0	0.0314	0.0	0.0	0.03	0.0	0.0	0.0	0.0	0.0	0.0	0.0	0.2554	0.0	0.02679	0.0	0.02302	0.0	0.0	0.0	0.00965	0.0	0.0	0.0	0.0	0.0	0.03809	0.0	0.0	0.0	0.0	0.00201	0.0	0.0	0.0	0.0	0.0	0.0	0.0	0.0	0.0	0.0	0.0	0.0	0.0	0.0	0.0	0.0	0.0	0.0	0.0	0.02849	0.00231	0.0	0.0	0.0	0.0	0.0	0.0	0.0	0.0	0.0	0.0	0.00843	0.0	0.02463	0.03992	0.0	0.0	0.0	0.0	0.00148	0.0	0.0	0.0	0.0	0.0	0.0	0.0	0.0	0.0	0.0	0.0	0.0	0.0	0.0	0.0	0.0	0.0	0.0	0.0	0.0	0.0	0.00062	0.0	0.0	0.0	0.15048	0.00248	0.03103	0.0	0.0	0.0	0.0	0.0	0.0	0.0	0.0	0.0	0.0	0.0	0.0	0.0	0.0	0.0	0.0	0.0181	0.0	0.0	0.0	0.0004	0.01977	0.0	0.0	0.00057	0.01299	0.03402	0.0	0.0	0.0	0.00835	0.0	0.0	0.0	0.0	0.0	0.0	0.0	0.00306	0.0	0.0	0.0	0.0	0.0	0.0	0.0	0.0	0.0	0.0	0.0	0.0	0.0	0.15614	0.01765	0.0048	0.02014	0.00347	0.0	0.00488	0.0	0.0	0.0	0.00914	0.0	0.0	0.0	0.0	0.0	0.0	0.0	0.0	0.0	0.0	0.0	0.00143	0.00507	0.0	0.0	0.0	0.0	0.07511	0.0	0.0	0.0	0.0	0.0036	0.01459	0.0	0.0	0.00373	0.0	0.0	0.0	0.0	0.0	0.0	0.0	0.05101	0.0	0.0	0.0	0.0	0.0	0.0	0.0	0.0	0.0	0.00029	0.0	0.0	0.0	0.0	0.0	0.0	0.0	0.0	0.0	0.00715	0.01781	0.0	0.00415	0.0	0.00968	0.0	0.0	0.0	0.0	0.0	0.0	0.0	0.0	0.0	0.0	0.0	0.0	0.0	0.0	0.0	0.0	0.0	0.0	0.0	0.0	0.0	0.0054	0.0	0.0	0.0	0.0	0.0	0.0	0.0	0.0	0.0	0.0	0.0	0.0	0.0	0.0	0.0	0.12389	0.09413	0.0	0.0	0.0	0.0	0.00717	0.0	0.0	0.0	0.00057	0.0	0.0	0.0
k__Bacteria|p__Planctomycetes|c__Planctomycetia	0.0	0.0	0.0	0.0	0.0	0.0	0.0	0.0	0.0	0.0	0.0	0.0	0.0	0.0	0.0	0.0	0.0	0.0	0.0	0.0	0.0	0.0	0.00153	0.0	0.0	0.0	0.0	0.0	0.0	0.0	0.0	0.0	0.0	0.0	0.0	0.0	0.0	0.0	0.0	0.0	0.0	0.0	0.0	0.0	0.0	0.0	0.0	0.0	0.0	0.0	0.0	0.0	0.0	0.0	0.0	0.0	0.0	0.0	0.0	0.0	0.0	0.0	0.0	0.0	0.0	0.0	0.0	0.0	0.0	0.0	0.0	0.0	0.0	0.0	0.0	0.0	0.0	0.0	0.0	0.0	0.0	0.0	0.0	0.0	0.0	0.0	0.0	0.0	0.0	0.0	0.0	0.0	0.0	0.0	0.0	0.0	0.0	0.0	0.0	0.0	0.0	0.0	0.0	0.0	0.0	0.0	0.0	0.0	0.0	0.0	0.0	0.0	0.0	0.00287	0.00229	0.0	0.00147	0.0	0.0	0.0	0.0	0.0	0.0	0.0	0.0	0.0	0.0	0.0	0.0	0.0	0.0	0.0	0.0	0.0	0.0	0.0	0.0	0.0	0.00177	0.0	0.00177	0.0	0.0	0.0	0.0	0.0	0.0	0.0	0.0	0.0	0.0	0.0	0.0	0.0	0.0	0.0	0.0	0.0	0.0	0.0	0.0	0.0	0.0	0.0	0.0	0.0	0.0	0.0	0.0	0.0	0.0	0.0	0.0	0.0	0.0	0.0	0.0	0.0	0.0	0.0	0.0	0.0	0.0	0.0	0.0	0.0	0.0	0.0	0.0	0.0	0.0	0.0	0.0	0.0	0.0	0.0	0.0	0.0	0.0	0.0	0.0	0.0	0.0	0.0	0.0	0.0	0.0	0.0	0.0	0.0	0.0	0.0	0.0	0.0	0.0	0.0	0.0	0.0	0.0	0.0	0.0	0.0	0.0	0.0	0.0	0.0	0.0	0.0	0.0	0.0	0.0	0.0	0.0	0.0	0.0	0.0	0.0	0.0	0.0	0.0	0.0	0.0	0.0	0.0	0.0	0.0	0.0	0.0	0.0	0.0	0.0	0.0	0.0	0.0	0.0	0.0	0.0	0.0	0.0	0.0	0.0	0.0	0.0	0.0	0.0	0.0	0.0	0.0	0.0	0.0	0.0	0.0	0.0	0.0	0.0	0.0	0.0	0.0	0.0	0.0	0.0	0.0	0.0	0.0	0.0	0.0	0.0	0.0	0.0	0.0	0.0	0.0	0.0	0.0	0.0	0.0	0.0	0.0	0.0	0.0	0.0	0.0	0.0	0.0	0.0	0.0	0.0	0.0	0.0	0.0	0.0	0.0	0.0	0.0	0.0	0.0	0.0	0.0	0.0	0.0	0.0	0.0	0.0	0.0	0.0	0.0	0.0	0.0	0.0	0.0	0.0	0.0	0.0	0.0	0.0	0.0	0.0	0.0	0.0	0.0	0.0	0.0	0.0	0.0	0.0	0.0	0.0	0.0	0.0	0.0	0.0	0.0	0.0	0.0	0.0	0.0	0.0	0.0	0.0	0.0	0.0	0.0	0.0	0.0	0.0	0.0	0.0	0.0	0.0	0.0	0.0	0.0	0.0	0.0	0.0	0.0	0.0	0.0	0.0	0.0	0.0	0.0	0.0	0.0	0.0	0.0	0.0	0.0	0.0	0.0	0.0	0.0	0.0	0.0	0.0	0.0
k__Bacteria|p__Proteobacteria|c__Alphaproteobacteria	0.0	0.0	0.0	0.0	0.0	0.0	0.0	0.0	0.0	0.0	0.0	0.0	0.0	0.0	0.0	0.0	0.0	0.0	0.0	0.0	0.0	0.0	0.0	0.0	0.0	0.0	0.0	0.0	0.0	0.0	0.0	0.0	0.0	0.0	0.0	0.0	0.0	0.0	0.0	0.0	0.0	0.0	0.0	0.0	0.0	0.0	0.0	0.0	0.0	0.0	0.0	0.0	0.0	0.0	0.0	0.0	0.0	0.0	0.0	0.0	0.0	0.0	0.0	0.0	0.0	0.0	0.0	0.0	0.0	0.0	0.0	0.0	0.0	0.0	0.0	0.0	0.0	0.0	0.0	0.0	0.0	0.0	0.0	0.0	0.0	0.0	0.0	0.0	0.0	0.0	0.0	0.0	0.0	0.0	0.0	0.0	0.0	0.0	0.0	0.0	0.0	0.0	0.0	0.0	0.0	0.0	0.0	0.0	0.0	0.0	0.0	0.0	0.0	0.0	0.0	0.0	0.0	0.0	0.0	0.0	0.0	0.0	0.0	0.0	0.0	0.0	0.0	0.0	0.0	0.0	0.0	0.0	0.0	0.0	0.0	0.0	0.0	0.0	0.0	0.0	0.0	0.0	0.0	0.0	0.0	0.0	0.0	0.0	0.0	0.0	0.0	0.0	0.0	0.0	0.0	0.0	0.0	0.0	0.0	0.0	0.0	0.0	0.0	0.0	0.0	0.0	0.0	0.0	0.0	0.0	0.0	0.0	0.0	0.0	0.0	0.0	0.0	0.0	0.0	0.0	0.0	0.0	0.0	0.0	0.0	0.0	0.0	0.0	0.0	0.0	0.0	0.0	0.0	0.0	0.0	0.0	0.0	0.0	0.0	0.00805	0.0	0.0	0.0	0.0	0.0	0.0	0.0	0.0	0.0	0.0	0.0	0.0	0.0	0.0	0.0	0.0	0.0	0.0	0.0	0.0	0.0	0.0	0.0	0.0	0.0	0.0	0.0	0.0	0.0	0.0	0.0	0.0	0.0	0.00804	0.0	0.0	0.0	0.0	0.0	0.0	0.0	0.0	0.0	0.0	0.0	0.0	0.0	0.0	0.0	0.0	0.0	0.0	0.0	0.0	0.0	0.0	0.0	0.0	0.0	0.0	0.0	0.0	0.0	0.0	0.0	0.0	0.0	0.0	0.0	0.0	0.0	0.0	0.0	0.0	0.0	0.0	0.0	0.0	0.0	0.0	0.0	0.0	0.0	0.0	0.0	0.0	0.0	0.0	0.0	0.0	0.0	0.0	0.0	0.0	0.0	0.0	0.0	0.0	0.0	0.0	0.0	0.0	0.0	0.0	0.0	0.0	0.0	0.0	0.0	0.0	0.0	0.0	0.0	0.0	0.0	0.0	0.0	0.0	0.0	0.0	0.0	0.0	0.0	0.0	0.0	0.0	0.0	0.0	0.0	0.0	0.0	0.0	0.0	0.0	0.0	0.0	0.0	0.0	0.0	0.0	0.0	0.0	0.0	0.0	0.0	0.0	0.0	0.0	0.0	0.0	0.0	0.0	0.0	0.0	0.0	0.0	0.0	0.0	0.0	0.0	0.0	0.0	0.0	0.0	0.0	0.0	0.0	0.0	0.0	0.0	0.0	0.0	0.0	0.0	0.0	0.0	0.0	0.0	0.0	0.0	0.0	0.0	0.0	0.0	0.0	0.0	0.0	0.0	0.0	0.0	0.0	0.0	0.0	0.0	0.0	0.0
k__Bacteria|p__Proteobacteria|c__Betaproteobacteria	1.01593	0.0229	0.0	0.0	0.0	0.00842	0.0	0.05856	0.00748	0.0	0.61872	0.0	0.06126	0.60348	0.0	0.06618	0.03941	0.0	0.08185	0.03226	0.0	0.17721	0.0	0.01021	0.01064	0.00302	0.0525	0.05821	0.23167	0.27638	0.0	0.0	0.19165	0.27504	0.16013	0.03884	0.17618	0.11924	0.84344	0.96865	0.01155	0.10141	0.049	0.31493	0.14062	1.37972	1.84634	0.0	0.02548	0.0	0.00444	0.12403	0.65645	0.0	0.00837	0.0	0.20203	0.0	0.0	0.0	0.04775	0.0	0.02823	0.0	1.50579	0.46704	0.0	0.70621	0.5794	0.0	0.00153	0.0357	0.0	0.0	0.0	0.04084	0.0	0.09444	0.0	0.0	0.10481	0.54132	0.20512	0.0	0.41479	0.76858	0.12078	0.87458	0.0	0.0	0.00711	0.02974	0.07398	0.04279	0.43501	0.0	0.1272	0.0	0.0	0.0	0.0	0.0	0.01384	0.0	0.72278	0.0026	0.0	1.32689	0.88438	0.0	0.01611	0.06646	0.17022	0.00517	0.0	0.0	0.0	0.0	0.0	0.0	0.03014	0.0	0.0	0.06112	0.0	0.01087	0.25031	0.80582	0.0	0.0	0.21693	0.0	0.38824	0.42163	0.03259	0.15184	0.0	0.13905	0.0	0.84549	0.03119	0.0749	1.78147	0.02498	0.0	0.53935	0.0	0.0	0.00654	0.0	0.0	0.00135	3.43611	0.1078	0.10481	0.08336	0.00637	0.09028	0.56034	0.0	0.00723	0.084	0.0	0.34006	1.55639	0.0	0.06482	0.06915	0.0	0.94956	0.0	0.0	0.0	0.08873	0.30855	0.0	0.03537	0.0	0.0	0.0	0.0	0.01419	0.05709	0.0	0.0	0.17404	0.14232	0.02988	0.52997	0.35846	0.44955	0.0	0.05151	0.0	0.0	0.0	0.0	0.9172	0.45892	0.0	0.0	0.02804	0.0	1.18013	0.06367	0.15217	0.0	0.0	0.00581	0.0	0.16962	0.86674	0.0	0.00044	0.0	0.26019	0.01112	0.00905	0.09381	0.09424	0.0	0.00201	0.0	0.0	0.03204	0.0	0.05529	0.0	0.0	0.0	0.09778	0.60504	0.04917	0.0	0.0	0.0	0.00155	0.00434	0.0	0.01214	0.05098	0.04116	0.00839	0.11593	0.42691	0.0	0.01804	0.0	0.02504	0.0	0.00487	0.08727	0.01435	0.0	0.0	0.0849	0.13922	0.01277	0.04774	0.0496	0.17906	0.09749	0.00964	0.0	0.0	0.32489	0.0798	0.36427	0.05914	0.0434	0.0	1.0015	0.04886	0.09077	0.04857	0.0	0.04925	0.10944	0.0	0.02281	0.0	0.0756	0.0118	0.1092	0.0	0.00107	0.06652	0.33049	0.28248	0.26496	0.15465	0.57208	0.19111	0.0	0.80945	0.07864	0.35923	0.14242	0.0	0.24549	0.07039	0.05716	0.08222	0.60073	0.02111	0.23497	0.01416	0.00371	0.00598	0.0	0.24914	0.17104	0.00051	0.41562	0.00282	0.0	0.08486	0.0	0.35761	0.06126	0.1141	0.0	0.02064	0.0	0.01593	0.05787	0.0	0.71429	0.09998	0.00122	0.12722	0.0	0.01261	0.0	0.16114	0.09952	0.0	0.06302	0.06975	0.69024	0.40273	0.0	0.05513	0.0	0.11217	0.0	0.00418	0.0	0.0	0.0	0.08151	0.04566	0.04223	0.64178	0.15646	0.12791	0.0	0.08511	0.00885	0.14056	0.07122	0.0	0.01277	0.0	0.0	0.30202	0.0	0.0	0.00693	0.01606	0.0	0.08821	0.78608	0.30917	0.33762	0.39433	0.57707	3.30574	0.12187	0.17603	1.0411	0.83215	0.00306	0.00489	0.08325	0.34092	0.19006	0.12227	0.28312	0.12515	0.0	0.12497	0.05598	1.37838	0.01994	0.45593
k__Bacteria|p__Proteobacteria|c__Deltaproteobacteria	0.23324	0.01611	0.00841	0.57323	0.02484	0.0	0.00259	0.02372	0.00169	0.0	0.09342	0.25568	0.10521	0.16607	0.0	0.17877	0.04118	0.0	0.0	0.07647	0.09289	0.0	0.0	0.13821	0.08605	0.01813	0.14012	0.01374	0.30609	0.0241	0.01078	0.03327	0.53686	0.25586	0.06325	0.06402	0.13221	0.03328	0.23776	0.12094	0.0149	0.15398	0.09323	0.03929	0.05034	0.00987	0.01561	0.01972	0.05493	0.03904	0.0166	0.0	0.0	0.01681	0.16751	0.0	0.01105	0.02248	0.0	0.0	0.04979	0.0	0.0	0.0	0.0	0.0	0.0	0.06924	0.02273	0.0	0.0184	0.01091	0.1506	0.0	0.0	0.00024	0.0	0.16308	0.0	0.0	0.01487	0.12715	0.0	0.27919	0.0	0.0	0.0	0.0	0.0	0.03758	0.0	0.0	0.0	0.0	0.26786	0.0	0.0	0.0	0.03505	0.10933	0.12573	0.03852	0.00833	0.0	0.03733	0.00668	0.02758	0.0	0.0	0.01373	0.03196	0.0	0.10924	0.0	0.19826	0.12382	0.09587	0.02428	0.01181	0.0	0.0	0.0	0.03503	0.00954	0.0	0.0	0.0	0.04267	0.01818	0.01163	0.01456	0.0	0.0	0.04851	0.03558	0.12004	0.54039	0.014	0.68776	0.00749	2.06298	0.02288	0.01556	0.0242	0.28991	0.03471	0.02571	0.0	0.0	0.0	0.0	0.0	0.0	0.0	0.0	0.0	0.0	0.07291	0.0	0.03001	0.0	0.03144	0.0	0.0	0.01976	0.0	0.00431	0.00274	0.0014	0.04841	0.03799	0.03966	0.0	0.08117	0.04707	0.0	0.01615	0.0	0.0	0.0526	0.02628	0.14994	0.01533	0.07457	0.0	0.06223	0.2626	0.0	0.07676	0.0	0.00913	0.00382	0.0225	0.00797	0.09369	0.1443	0.0	0.0	0.0	0.00803	0.0	0.14112	0.0	0.0	0.03134	0.02595	0.0	0.02434	0.0	0.0	0.0	0.02502	0.0	0.0	0.0	0.08445	0.0	0.00431	0.0	0.01775	0.03507	0.17046	0.0	0.0	0.0	0.01317	0.11588	0.22969	0.03657	0.20563	0.03617	0.0	0.11671	0.0	0.0	0.0	0.05671	0.09879	0.09456	0.10561	0.01329	0.26047	0.02804	0.0	0.0	0.0	0.03328	0.0387	0.07905	0.05306	0.02855	0.09058	0.14848	0.00879	0.0	0.00271	0.07939	0.20376	0.2487	0.13891	0.01509	0.0	0.0	0.02322	0.09505	0.06083	0.05653	0.03928	0.21415	0.01655	0.08001	0.03991	0.04705	0.1853	0.11832	0.14491	0.00591	0.09521	0.00862	0.057	0.0	0.01649	0.04212	0.10281	0.03013	0.0	0.0191	0.06611	0.23258	0.19777	0.31489	0.00256	0.00275	0.11	0.0135	0.08112	0.00789	0.02065	0.01055	0.0553	0.02185	0.17908	0.16213	0.03973	0.01084	0.01165	0.0	0.0	0.06578	0.0	0.0	0.0	0.1083	0.00689	0.05757	0.01831	0.00332	0.0	0.45538	0.41698	0.02719	0.05916	0.0	0.0	0.04889	0.00092	0.0102	0.00996	0.00913	0.31278	0.03554	0.01616	0.01807	0.01322	0.0	0.0	0.08092	0.0	0.0	0.0	0.0	0.0	0.48376	0.0	0.06978	0.0	0.05179	0.01048	0.05888	0.0	0.13628	0.07421	0.00095	0.03165	0.0142	0.03811	0.0	0.03915	0.0	0.44256	0.0486	0.0	0.0	0.02479	0.02783	0.0	0.07052	0.13169	0.05476	0.09316	0.00906	0.10255	0.11634	0.13284	0.0	0.0	0.00494	0.0	0.01612	0.00655	0.0	0.0	0.07583	0.06567	0.0	0.01319	0.23414	0.22225	0.00699	0.0165	0.0	0.05964	0.12891	0.02813	0.31154	0.10686
k__Bacteria|p__Proteobacteria|c__Epsilonproteobacteria	0.0	0.0	0.0	0.0	0.0	0.0	0.0	0.0	0.0	0.0	0.0	0.00446	0.0	0.0	0.0	0.0	0.0	0.0	0.0	0.0	0.0	0.0	0.0	0.0	0.0	0.0	0.0	0.0	0.0	0.0	0.0	0.0	0.00226	0.0	0.0	0.0	0.0	0.0	0.0	0.0	0.0	0.0	0.0	0.0	0.0	0.00593	0.0	0.0	0.0	0.0	0.0	0.0	0.0	0.0	0.0	0.0	0.0	0.0	0.0	0.0	0.0	0.0	0.0	0.0	0.0	0.0	0.0	0.0	0.0	0.0	0.0013	0.0	0.0	0.01406	0.0735	0.0	0.0	0.00094	0.0	0.0	0.0	0.0	0.0	0.0	0.0	0.0	0.0	0.0	0.0	0.0	0.0	0.0	0.0	0.0	0.0	0.0	0.0	0.0	0.0	0.0	0.0	0.0	0.0	0.0	0.0	0.0	0.0	0.0	0.0	0.0	0.0	0.0	0.0	0.0	0.0	0.0	0.0	0.1761	0.0	0.0	0.0	0.0	0.0	0.0	0.0	0.0	0.0	0.0	0.0	0.0	0.0	0.0	0.0	0.0	0.0	0.0	0.0	0.00059	0.0	0.0	0.0	0.0	0.0	0.0	0.0	0.0	0.0	0.0	0.0	0.0	0.0	0.0	0.0	0.0	0.03194	0.0	0.0	0.0	0.0	0.0	0.0	0.0	0.0	0.0	0.0	0.0	0.0	0.00097	0.0	0.0	0.0	0.0	0.0	0.0	0.00905	0.0	0.0	0.0	0.0	0.0	0.0	0.0	0.0	0.0	0.0	0.0	0.0	0.0	0.0	0.0	0.0	0.0	0.0	0.0	0.0	0.0	0.0	0.0	0.0	0.0	0.0	0.0	0.0	0.0	0.0	0.0	0.0	0.0	0.0	0.0	0.0	0.0	0.0	0.0	0.0	0.0	0.0	0.0	0.0	0.0	0.0	0.0	0.0	0.0	0.0	0.0	0.0	0.0	0.0	0.0	0.0	0.0	0.0	0.01323	0.0	0.0	0.0	0.0	0.0	0.0	0.0	0.0	0.0	0.00072	0.0	0.0	0.0	0.0	0.01734	0.0	0.0	0.0	0.0	0.0	0.0	0.0	0.0	0.0	0.0	0.0	0.0	0.0	0.0	0.0	0.0	0.0	0.0	0.0	0.0	0.0	0.0	0.0	0.0	0.0	0.0	0.0	0.00053	0.0	0.0	0.0	0.0	0.0	0.0	0.0	0.0	0.0	0.0	0.0	0.0	0.0	0.0	0.0	0.0	0.0	0.0	0.0	0.0	0.0	0.0	0.0	0.0	0.01138	0.0	0.0	0.0	0.0	0.0	0.0	0.0	0.0	0.0	0.0	0.0	0.0	0.0	0.0	0.0	0.0	0.0	0.0	0.0	0.0	0.0	0.0	0.0	0.0	0.0	0.0	0.0	0.0	0.0	0.0	0.0	0.0	0.0	0.0	0.0	0.0	0.0	0.0	0.0	0.0	0.0	0.0	0.0	0.0	0.0	0.0	0.0	0.0	0.0	0.0	0.0	1.24842	0.0	0.0	0.0	0.0	0.0	0.0	0.0	0.85063	0.0	0.0	0.0	0.0	0.0	0.0	0.0	0.0	0.0	0.0	0.0	0.0	0.0	0.0	0.0	0.0	0.0	0.0	0.0	0.0	0.014	0.0333	0.0	0.0	0.0	0.0	0.0	0.0	0.0	0.0	0.0	0.0	0.0	0.0
k__Bacteria|p__Proteobacteria|c__Gammaproteobacteria	0.0	0.03418	0.12991	0.77955	1.38149	0.7685	0.0	0.08538	0.03935	0.07739	0.01511	1.17486	1.30143	0.05441	46.88592	0.0	0.0	0.0	0.01782	0.05887	0.17258	0.02968	9.66504	0.094	0.09881	0.23826	0.0	3.02247	0.01463	0.19876	1.22288	0.20015	0.0	0.0	0.01908	0.0356	0.05114	0.03031	0.14634	0.0	0.01388	0.0134	0.16927	0.02643	0.01993	0.17302	0.0251	0.49409	0.24781	0.03104	0.03884	0.00716	2.97132	0.6637	4.37972	0.0	0.35423	0.01831	0.19935	0.03108	0.22572	0.0	0.1447	0.0	0.0434	0.24047	0.0	0.0	0.0	0.25348	0.05344	0.25726	0.13149	0.73336	3.30274	0.01519	0.0	0.36412	2.28478	0.58908	0.03577	0.12634	0.00736	0.02569	0.1026	0.2374	0.0	0.0	0.24632	0.0	0.0	0.0	0.0	0.0	0.16064	0.09965	0.58201	0.15369	0.00349	0.00131	0.00573	0.0	0.07427	0.07886	0.06178	0.10522	0.11674	0.90705	0.53754	0.0055	0.13177	0.29464	0.08024	0.54641	0.03456	0.0	0.42752	1.06129	0.0	0.07159	0.08884	0.0	1.07812	0.01515	0.0	0.0	0.0	0.0	0.0	0.01028	0.0	0.02705	0.21351	0.07833	1.3401	0.00913	0.0	0.94678	0.1628	11.1309	0.0356	0.0	0.08045	0.02134	0.03748	0.0	0.0	0.0256	0.01759	0.0	3.82865	1.83709	0.03647	0.03417	0.06167	0.0	0.20911	3.9922	0.0	0.0	0.03359	0.0	0.20808	0.0	0.70315	0.34111	0.0	20.97468	0.20473	0.0	1.13497	0.09345	0.0	0.0	0.10774	0.09956	0.26177	0.02341	0.0	0.17365	0.39284	0.0663	0.11205	0.539	13.44973	0.00883	3.41011	0.17687	12.86188	0.01285	0.17671	0.20625	0.08047	0.0	0.03516	0.09679	0.0	0.14357	0.04266	0.0	0.0873	0.05459	0.05619	0.04489	0.03733	0.00521	1.45622	1.61623	0.02828	0.0	0.0	0.15251	0.01387	0.01072	0.0	0.00155	0.03077	0.53067	0.04333	0.57757	0.0	0.05918	18.93488	0.92261	0.01972	0.05479	0.41631	0.05131	0.16504	0.08056	0.04912	0.04935	0.02697	1.61543	8.49785	0.0	0.01623	0.07225	0.0	0.37523	0.0	0.92687	0.09674	0.04965	0.0	0.75134	0.00277	0.0	0.0	0.71194	0.01929	0.26811	0.0	0.01618	0.04631	0.09923	0.08606	0.04611	0.07249	0.00585	0.17185	0.06154	0.11948	0.0	0.00595	0.04571	0.44081	0.15725	0.13758	0.16525	0.0	0.03638	0.47437	1.64614	0.09068	0.44825	0.06324	0.22453	0.0	0.12829	0.0	0.04555	0.11599	0.05754	0.70755	0.00255	0.03313	0.00471	0.28697	0.25789	0.40829	0.27412	0.48105	0.33871	0.19504	0.05891	0.09623	0.12796	0.02455	0.00473	0.0	0.02199	0.01793	2.82075	0.73189	0.0	1.91173	0.0	0.0	0.0	0.05033	0.1016	0.00602	0.09191	0.00551	0.0	0.08595	0.00418	0.26915	0.85143	0.0	0.0554	0.0	0.0	0.44451	0.07163	0.0	2.55923	0.0	0.0	0.10867	0.09619	0.02397	0.03464	0.00557	0.0	0.13072	0.15696	0.13154	0.17452	0.80282	0.0	0.2576	0.0	0.29417	0.0	0.06659	0.0	0.01871	0.74107	0.0	0.05428	0.00449	0.70044	0.01881	0.00094	0.0	0.02498	0.0	0.63444	0.29954	0.03782	1.08534	2.5478	1.95008	0.06783	0.0598	0.08309	0.0266	0.07084	0.06033	0.19838	0.03404	0.04058	0.0	0.0	0.07896	0.08082	0.0179	0.0	0.21472	0.23066	23.76759	26.16518	0.04901	0.24792	0.0	0.0	0.03552	0.10523	0.05273	0.1243	0.26273	0.0	1.28029	0.0
k__Bacteria|p__Proteobacteria|c__Proteobacteria_unclassified	0.05283	0.0	0.00064	0.0	0.0	0.0	0.0	0.01772	0.0	0.0	0.26389	0.0	0.46302	2.19241	0.0	0.04068	0.0	0.0	0.59077	0.0	0.0	0.92158	0.0	0.0	0.16494	0.05861	0.51317	0.35325	0.55133	0.31312	0.0	0.0	0.01585	0.03383	1.69406	0.59193	2.02924	1.48638	0.0	0.0	0.0	0.00461	0.00223	0.02337	0.00717	0.0654	0.08423	0.0	0.0	0.0	0.0	0.15131	0.0	0.0	0.0	0.0	0.00887	0.0	0.0	0.0	0.4184	0.0	0.0	0.38471	0.12428	0.46732	0.0	2.64545	2.09001	0.0	0.0	0.5613	0.0	0.0	0.0	0.00103	0.0	0.03542	0.0	0.0	0.0	0.0074	1.88611	0.0118	0.0	0.04535	0.61836	0.03738	0.0	0.0	0.19301	0.0	0.0	0.0	0.06512	0.0	0.0	0.0	0.0	0.0	0.0	0.0	0.0	0.0	0.40841	0.01124	0.0	0.0037	0.0	0.00361	0.0	0.0	0.0051	0.0	0.0	0.0	0.0	0.0	0.0	0.0	0.04778	0.0	0.0	0.15687	0.0	0.0	0.0	1.47082	0.0	0.0	1.06504	0.0	0.01698	0.50327	0.0	1.00675	0.0	0.00427	0.0	0.04998	0.01716	0.52539	0.14346	0.00056	0.0	2.79128	0.0	0.0	0.0	0.0	0.18579	0.0	0.17471	0.27533	0.00664	0.0	0.0	0.0	0.18558	0.0	0.0	0.05896	0.0	0.03599	0.0699	0.0	0.66641	0.51179	0.0	0.05323	0.0	0.0	0.0	0.0	1.25657	0.0	0.0	0.0	0.0	0.0	0.0	0.01864	0.01609	0.0	0.0	0.00297	0.00203	0.0	0.00373	1.39185	0.01101	0.0	0.0	0.0	0.0	0.0	0.0	0.0	0.0	0.0	0.0	0.0	0.0	1.01796	0.00296	0.0064	0.0	0.0	0.0	0.00124	0.00116	0.0527	0.0	0.0	0.0	0.00823	0.0	0.0	0.0	0.0	0.00591	0.0	0.0	0.0	0.0	0.0	0.00232	0.0	0.00652	0.01233	0.00121	0.0271	0.0	0.0	0.0	0.0	0.0	0.0	0.0	0.0	0.00595	0.01424	0.0	0.0	0.01838	0.0	0.0	0.0	0.0	0.0	0.05863	0.0	0.0	0.0	0.0	0.00239	1.29661	0.0	0.0	0.00912	0.08431	1.32856	0.0	0.0	0.0	0.49064	0.00238	0.04736	0.27951	0.00087	0.0	0.04968	0.0	0.00623	0.01228	0.0	0.0	0.00337	0.0	0.0	0.0	0.0	0.0	0.0	0.0	0.0	0.86734	0.01953	4.92489	4.26966	2.82256	1.34905	0.09842	0.0	0.03775	0.0338	0.11252	0.06351	0.0	0.02058	0.26162	0.06134	0.0	0.02624	0.27545	2.22801	0.09497	0.0	0.0	0.0	0.93963	0.00559	0.0	0.16306	0.00603	0.0	0.0	0.0	1.7812	0.0	0.04011	0.0	0.0	0.0	0.0	0.0	0.0	0.07936	1.47785	0.0	1.60939	0.0	0.0	0.0	1.90335	0.0	0.0	0.12905	0.20201	0.03937	0.02358	0.0	0.00392	0.0	0.00441	0.0	0.0	0.0	0.0	0.0	0.20056	0.07324	0.0	0.03596	0.29516	0.44173	0.0	0.00599	0.0	1.0105	0.56139	0.0	0.0	0.0	0.0	1.33787	0.0	0.0	0.00162	0.09681	0.0	0.00341	0.34497	0.06493	1.72677	1.87767	0.02507	0.34355	0.00228	0.00907	0.05618	0.03721	0.0	0.0	0.0	0.0436	0.01027	0.00247	0.14791	0.04979	0.0	0.04551	0.0	0.11429	0.0	1.64711
k__Bacteria|p__Spirochaetes|c__Spirochaetia	0.0	0.0	0.0	0.0	0.0	0.0	0.0	0.0	0.0	0.0	0.0	0.0	0.0	0.0	0.0	0.0	0.0	0.0	0.0	0.0	0.0	0.0	0.0	0.0	0.0	0.0	0.0	0.0	0.0	0.0	0.0	0.0	0.0	0.0	0.0	0.0	0.0	0.0	0.0	0.0	0.0	0.0	0.0	0.0	0.0	0.0	0.0	0.0	0.0	0.0	0.0	0.0	0.0	0.0	5.23274	0.0	0.0	0.0	0.0	0.0	0.0	0.0	0.0	0.0	0.0	0.0	0.0	0.0	0.0	0.0	0.0	0.0	0.0	0.0	0.0	0.0	0.0	0.0	0.0	0.0	0.0	0.0	0.0	0.0	0.0	0.0	0.0	0.0	0.0	0.0	0.54525	0.0	0.0	0.0	0.0	0.0	0.0	0.0	0.0	0.0	0.0	0.0	0.0	0.0	0.0	0.0	0.0	0.0	0.0	0.0	0.0	0.0	0.0	0.0	0.0	0.0	0.0	0.0	0.0	0.0	0.0	0.0	0.0	0.0	5.38696	0.0	0.0	0.0	0.0	0.0	0.0	0.0	0.0	0.0	0.0	0.0	0.0	0.0	0.0	0.0	0.0	0.0	0.0	0.0	0.0	0.0	0.17716	1.51215	0.0	0.0	0.0	0.0	0.0	0.0	0.0	0.0	0.0	0.0	0.0	0.0	0.0	0.0	0.0	0.0	0.0	0.0	0.0	0.0	0.0	0.0	0.0	0.0	0.0	0.0	0.0	0.0	0.0	0.0	0.0	0.0	0.0	0.0	0.0	0.0	4.0628	0.0	0.0	8.61105	0.0	0.0	0.0	0.0	0.0	0.0	0.0	0.0	0.0	0.0	0.0	0.0	0.0	0.0	0.0	0.0	0.0	0.0	0.0	0.0	0.0	0.0	0.0	0.0	0.0	0.0	0.0	0.0	0.0	0.0	0.0	0.0	0.0	0.0	0.0	0.0	0.0	0.0	0.0	0.0	0.0	0.0	0.0	0.0	0.0	0.0	0.0	0.0	0.0	0.0	0.0	0.0	0.0	0.0	0.0	0.0	0.0	0.0	0.0	0.55743	3.70297	0.0	0.0	0.0	0.0	0.0	0.0	0.0	0.0	0.0	0.0	0.0	0.0	0.0	0.0	0.0	0.0	0.0	0.0	0.0	0.0	0.0	0.0	0.0	0.0	0.0	0.0	0.0	0.0	0.0	0.0	0.0	0.67233	0.0	0.0	0.0	0.0	0.0	0.0	0.0	0.0	0.0	0.0	0.0	0.0	0.0	0.0	0.0	0.0	0.0	0.0	0.0	0.0	0.0	0.0	0.0	0.0	0.0	0.0	0.0	0.0	0.0	0.0	0.0	0.0	0.0	0.0	0.0	0.0	0.0	0.0	0.0	0.0	0.0	0.0	0.0	0.0	0.0	0.0	0.0	0.0	0.0	0.0	0.0	0.0	0.0	0.0	0.0	0.0	0.0	0.0	0.0	0.0	0.0	0.0	0.0	0.0	0.0	0.0	0.0	0.0	0.0	0.0	0.0	0.0	0.0	0.0	0.0	0.0	0.0	0.0	0.0	0.0	0.0	0.0	0.0	0.0	0.0	0.0	0.0	0.0	0.0	0.0	0.0	0.0	0.0	0.0	0.0	0.0	0.0	0.0	0.0	0.0	0.0	0.0	0.0	0.0	0.0	0.0	0.0	0.0	0.0	0.0	0.0	0.0	0.0	0.0	0.0
k__Bacteria|p__Synergistetes|c__Synergistia	0.0	0.0	0.0	0.44356	0.0	0.0	0.0	0.0	0.00132	0.0	0.0	0.0	0.0	0.0	0.0	0.0	0.0	0.0	0.0	0.0	0.0	0.0	0.00643	0.0	0.0	0.0	0.0	0.0	0.0	0.0	0.0	0.00055	0.0	0.0	0.0	0.0	0.0	0.0	0.0	0.0	0.0	0.0	0.0	0.0092	0.00511	0.0	0.0	0.0	0.0	0.0	0.0	0.0	0.0	0.0	0.0	0.0	0.00362	0.0	0.0	0.0	0.0	0.0	0.0	0.0	0.0	0.0	0.0	0.0	0.0	0.0	0.0	0.0	0.0	0.0	0.0	0.0	0.0	0.0	0.0	0.0	0.0	0.0	0.0	0.0	0.0	0.0	0.0	0.0	0.0	0.0	0.0	0.0	0.0	0.0	0.0	0.0	0.0	0.0	0.0	0.00151	0.00085	0.0	0.0	0.0	0.01828	0.0	0.00149	0.0	0.0	0.0	0.00093	0.0	0.0	0.00972	0.00546	0.0	0.01369	0.0	0.0	0.0	0.0	0.0	0.0	0.00868	0.0	0.0	0.0	0.0	0.0	0.0	0.0	0.0	0.0	0.0	0.0	0.00312	0.0	0.0	0.03393	0.0	0.02311	0.0	0.00664	0.0011	0.00874	0.0	0.0	0.013	0.01057	0.0	0.0	0.0	0.0	0.0	0.0	0.0	0.0	0.126	0.0	0.0	0.09133	0.0	0.0	0.0	0.0	0.0	0.0	0.0	0.0	0.0	0.0	0.0	0.0	0.19887	0.0	0.0	0.00134	0.0	0.0	0.0	0.0	0.0	0.0	0.0	0.0	0.0	0.0	0.0	0.0	0.0	0.0	0.0	0.0	0.0	0.0	0.0	0.0	0.0	0.0	0.0	0.0	0.06981	0.0	0.0	0.0	0.0	0.0	0.00166	0.0	0.0	0.0	0.0	0.0	0.0	0.0	0.0	0.0	0.0	0.0	0.0	0.0	0.00219	0.0	0.0	0.0	0.0	0.0	0.0	0.00112	0.0	0.0	0.0	0.0	0.0	0.0	0.0	0.0	0.0	0.0	0.0	0.0	0.0	0.0	0.0	0.0	0.0	0.0	0.0	0.0	0.0	0.0	0.0	0.0	0.0	0.0	0.0	0.0	0.0	0.0	0.00468	0.0	0.0	0.0	0.0	0.0	0.0	0.0	0.00091	0.00056	0.0	0.001	0.0	0.0	0.0	0.0	0.0	0.0	0.0	0.0	0.00137	0.0	0.0	0.0	0.0	0.0	0.0	0.0	0.00085	0.0	0.0	0.0	0.0	0.20432	0.0	0.0	0.0	0.0	0.0	0.0	0.0	0.0	0.0	0.0	0.00481	0.0	0.0	0.0	0.0	0.0	0.0	0.0	0.0	0.0	0.0	0.0	0.0	0.0	0.0	0.0	0.01084	0.0	0.0	0.0	0.0	0.0	0.0	0.0	0.0	0.0	0.0	0.0	0.0	0.0	0.0	0.0	0.0	0.0	0.0	0.0	0.0	0.00158	0.0	0.0	0.0	0.0	0.0	0.0	0.0	0.0	0.0	0.00178	0.0	0.0	0.0	0.0	0.0	0.0	0.0	0.0	0.0	0.0	0.0	0.00125	0.0	0.0	0.0	0.0	0.0	0.0	0.0	0.0	0.0	0.0	0.0	0.0	0.0	0.0	0.0	0.0	0.0	0.0	0.0	0.0	0.0	0.0	0.0	0.0	0.0	0.0	0.0	0.0	0.0	0.0	0.0	0.09424	0.0
k__Bacteria|p__Tenericutes|c__Mollicutes	0.0	0.0	0.0	0.0	0.0	0.0	0.0	0.0	0.0	0.0	0.0	0.0	0.0	0.0	0.0	0.0	0.0	0.0	0.0	0.0	0.0	0.0	0.0	0.0	0.0	0.0	0.0	0.0	0.0	0.0	0.0	0.0	0.0	0.0	0.0	0.0	0.0	0.0	0.0	0.0	0.0	0.0	0.0	0.0	0.0	0.0	0.0	0.0	0.0	0.0	0.0	0.0	0.0	0.0	0.0	0.0	0.0	0.0	0.0	0.0	0.0	0.0	0.0	0.0	0.0	0.0	0.0	0.0	0.0	0.0	0.0	0.0	0.0	0.0	0.0	0.0	0.0	0.0	0.0	0.0	0.0	0.0	0.0	0.0	0.0	0.0	0.0	0.0	0.0	0.0	0.0	0.0	0.0	0.0	0.0	0.0	0.0	0.0	0.0	0.0	0.0	0.0	0.0	0.0	0.0	0.0	0.0	0.0	0.0	0.0	0.0	0.0	0.0	0.0	0.0	0.0	0.0	0.0	0.0	0.0	0.0	0.0	0.0	0.0	0.0	0.0	0.0	0.0	0.0	0.0	0.0	0.0	0.0	0.0	0.0	0.0	0.0	0.0	0.00335	0.0	0.0	0.0	0.0	0.0	0.0	0.0	0.0	0.0	0.0	0.0	0.0	0.0	0.0	0.0	0.0	0.0	0.0	0.0	0.0	0.0	0.0	0.0	0.0	0.0	0.0	0.0	0.0	0.0	0.0	0.0	0.0	0.0	0.0	0.0	0.0	0.0	0.0	0.0	0.0	0.0	0.0	0.0	0.0	0.0	0.0	0.0	0.0	0.0	0.0	0.0	0.0	0.0	0.0	0.0	0.0	0.0	0.0	0.0	0.0	0.0	0.0	0.0	0.0	0.0	0.0	0.0	0.0	0.0	0.0	0.0	0.0	0.0	0.0	0.0	0.0	0.0	0.0	0.0	0.0	0.0	0.0	0.0	0.0	0.0	0.0	0.0	0.0	0.0	0.0	0.0	0.0	0.0	0.0	0.0	0.0	0.0	0.0	0.0	0.0	0.0	0.0	0.0	0.0	0.0	0.0	0.0	0.0	0.0	0.0	0.0	0.0	0.0	0.0	0.0	0.0	0.0	0.0	0.0	0.0	0.0	0.0	0.0	0.0	0.0	0.0	0.0	0.0	0.0	0.0	0.00096	0.0	0.0	0.0	0.0	0.0	0.0	0.0	0.0	0.0	0.0	0.0	0.0	0.0	0.0	0.0	0.0	0.0	0.0	0.0	0.0	0.0	0.0	0.0	0.0	0.0	0.0	0.0	0.0	0.0	0.0	0.0	0.0	0.0	0.0	0.0	0.0	0.0	0.0	0.0	0.0	0.0	0.0	0.0	0.0	0.0	0.0	0.0	0.0	0.0	0.0	0.0	0.0	0.0	0.0	0.0	0.0	0.0	0.0	0.0	0.0	0.0	0.0	0.0	0.0	0.0	0.0	0.0	0.0	0.0	0.0	0.0	0.0	0.0	0.0	0.0	0.0	0.0	0.0	0.0	0.0	0.0	0.0	0.0	0.0	0.0	0.0	0.0	0.0	0.0	0.0	0.0	0.0	0.0	0.0	0.0	0.0	0.0	0.0	0.0	0.0	0.0	0.0	0.0	0.0	0.0	0.0	0.0	0.0	0.0	0.0	0.0	0.0	0.0	0.0	0.0	0.0	0.0	0.0	0.0	0.0	0.0	0.0	0.0	0.0	0.0	0.0
k__Bacteria|p__Verrucomicrobia|c__Verrucomicrobiae	0.7821	0.152	0.0	6.88792	0.21273	0.06289	0.00141	1.54749	0.0	0.0	0.0	0.0	0.0	0.0	0.0	0.0	0.04308	0.0	0.02544	0.03568	0.0	0.0	0.0	0.0	0.0	3.84516	0.0	0.0	0.74335	0.51207	0.09125	2.75502	0.96152	0.65099	0.0	0.03711	0.0	0.40793	0.11127	0.02538	0.0	0.03081	0.89057	0.03351	0.03244	0.0	0.0	1.12117	0.36023	0.0	0.0	0.0	0.0	0.0	0.6578	0.01924	0.77081	0.0	0.0287	0.0	0.0	0.0	0.97756	0.0	0.99039	0.0	0.00197	0.0	0.85403	0.0	0.0	0.0	0.00402	0.00527	0.0	0.02339	0.0	4.60222	1.39633	0.0	2.07292	0.0078	0.18499	0.01704	0.04084	0.21683	0.0	0.0	0.0	0.0	0.11027	0.0	0.2176	0.0	0.0	0.0	5.89768	0.0	0.0	0.00072	0.0	0.0	0.01713	0.0	1.03324	5.608	0.0143	0.59378	0.0	0.0	0.03563	2.19696	0.0	0.0	0.13521	0.00109	1.15976	0.0	0.0	0.11744	0.54641	7.12069	0.0	0.0	0.0	0.16416	0.0	0.95453	0.00824	0.04312	0.0	0.0	0.36285	1.73624	0.6881	0.0	1.5031	2.4208	10.05799	0.07541	0.0	0.0	0.11026	0.0	0.01212	0.0	0.18013	11.00991	0.00664	0.0	0.0	0.0	0.0	0.06423	0.0	0.0	0.0	0.0	0.0	0.0	0.01063	0.03695	0.0	0.0	0.04902	1.10993	0.02149	0.0	0.0	0.0796	0.0	11.38785	0.35052	0.03681	0.06848	0.66814	0.96774	0.0	0.0	5.25374	0.05937	0.62409	0.0	0.00167	0.0	0.0	0.01581	0.113	0.50679	0.0	0.2317	0.0	0.16419	0.01318	0.0	0.0	0.0	0.0	0.0	0.0	0.0	0.0	0.0	1.36861	0.0	0.0	0.0	0.0	0.0	0.92199	0.0	0.2594	0.15751	0.25336	0.25415	0.0	0.0	0.0	0.3255	6.20701	0.0	0.03023	0.0	0.0136	0.0	0.09077	0.0	0.00234	0.0	2.71076	0.59096	0.0	0.01905	0.0	0.0	0.09742	0.0	0.0	0.61963	0.0	0.0	5.44616	0.41277	7.92216	0.05437	0.0	0.26295	0.02393	0.0	0.0	0.13866	0.21715	0.0	0.0	0.0	0.4008	0.0	0.11276	0.40079	1.56143	0.0	0.0	0.0	0.0	0.0	0.0	0.57532	0.0	0.0	0.26766	0.0	0.07452	1.14244	0.0	0.93085	0.70597	0.0	0.43616	2.5622	5.75626	0.73765	0.0	0.0	1.22536	0.0	0.13116	0.0	0.00391	0.6015	0.77785	0.00127	0.0	5.56941	0.0	0.95917	0.0	0.25222	4.82579	0.0	0.0	0.02129	3.60318	2.27673	6.08544	0.0	0.0	0.57503	0.0	1.02168	0.0	0.0	0.01346	0.02791	0.00581	0.09816	0.0	0.0	0.0	0.06764	0.01977	1.26426	0.36831	1.09148	2.92832	1.52445	0.0855	0.00019	0.0	0.0099	0.00657	1.01203	0.0	0.0	0.0	0.0	0.0	0.1643	0.0	0.0	0.0	0.0	0.0	4.04881	0.0	0.0	0.0	0.0	0.0	0.0	0.0	0.0	0.0	0.0	0.0	0.0	0.0	0.0	0.0	0.0	1.8505	0.0	0.0	0.0	0.0	0.0	0.0	1.78227	3.83192	1.06303	0.0	0.0	0.0	0.0	0.23883	0.0	0.0	0.0	0.0	0.14958	0.0	0.56307	0.21219	0.0	0.0	0.0	0.0	0.2227	0.43928	0.0	3.29673	0.0	0.14504	0.0	0.0	4.91772	0.01397
k__Eukaryota|p__Ascomycota|c__Saccharomycetes	0.0	0.0	0.0	0.0	0.0	0.0	0.0	0.0	0.0	0.0	0.0	0.0	0.0	0.0	0.24618	0.0	0.0	0.0	0.0	0.0	0.0	0.0	0.0	0.0	0.0	0.0	0.0	0.0	0.0	0.0	0.0	0.0	0.0	0.0	0.0	0.0	0.0	0.0	0.0	0.0	0.0	0.0	0.0	0.0	0.0	0.0	0.0	0.0	0.0	0.0	0.0	0.0	0.0	0.0	0.0	0.0	0.0	0.0	0.0	0.0	0.0	0.0	0.0	0.0	0.0	0.0	0.0	0.0	0.0	0.0	0.0	0.00904	0.0	0.0	0.0	0.0	0.0	0.0	0.0	0.0	0.0	0.0	0.0	0.0	0.0	0.0	0.0	0.0	0.0	0.0	0.0	0.0	0.0	0.0	0.0	0.0	0.0	0.0	0.0	0.0	0.00619	0.0	0.0	0.0	0.0	0.0	0.0	0.00287	0.00072	0.00324	0.0	0.0	0.0	0.0	0.0	0.0	0.0	0.0	0.0	0.0	0.0	0.0	0.0	0.0	0.0	0.0	0.0	0.0	0.0	0.0	0.0	0.0	0.0	0.0	0.0	0.0	0.0	0.0	0.0	0.0	0.0	0.0	0.0	0.0	0.0	0.0	0.0	0.0	0.0	0.0	0.0	0.0	0.0	0.0	0.0	0.0	0.0	0.0	0.0	0.0	0.0	0.0	0.0	0.0	0.0	0.0	0.0	0.0	0.0	0.0	0.0	0.0	0.0	0.0	0.0	0.0	0.0	0.0	0.0	0.0	0.0	0.0	0.0	0.0	0.0	0.0	0.0	0.0	0.0	0.0	0.0	0.0	0.0	0.0	0.0	0.0	0.0	0.0	0.0	0.0	0.0	0.0	0.0	0.0	0.0	0.0	0.0	0.0	0.0	0.0	0.0	0.0	0.0	0.0	0.0	0.0	0.0	0.0	0.0	0.0	0.0	0.0	0.0	0.0	0.0	0.0	0.0	0.0	0.0	0.0	0.0	0.0	0.0	0.0	0.0	0.0	0.0	0.0	0.0	0.0	0.0	0.0	0.0	0.0	0.0	0.0	0.0	0.0	0.0	0.0	0.0	0.0	0.0	0.0	0.0	0.0	0.0	0.0	0.0	0.0	0.0	0.0	0.0	0.0	0.0	0.0	0.0	0.0	0.0	0.0	0.0	0.0	0.0	0.0	0.0	0.0	0.0	0.0	0.0	0.0	0.0	0.0	0.0	0.0	0.0	0.0	0.0	0.0	0.0	0.0	0.0	0.0	0.0	0.0	0.0	0.0	0.0	0.0	0.0	0.0	0.0	0.0	0.0	0.0	0.0	0.0	0.0	0.0	0.0	0.0	0.0	0.0	0.0	0.0	0.0	0.0	0.0	0.0	0.0	0.0	0.0	0.0	0.0	0.0	0.0	0.0	0.0	0.0	0.0	0.0	0.0	0.0	0.0	0.0	0.0	0.0	0.0	0.0	0.00839	0.0	0.0	0.0	0.0	0.0	0.0	0.0	0.0	0.0	0.0	0.0	0.0	0.0	0.0	0.0	0.0	0.0	0.0	0.0	0.0	0.0	0.0	0.0	0.0	0.0	0.0	0.0	0.0	0.0	0.0	0.0	0.0	0.0	0.0	0.0	0.0	0.0	0.0	0.0	0.0	0.0	0.0	0.00745	0.0	0.0	0.0	0.0	0.0	0.0	0.0	0.0	0.00453	0.0	0.0	0.0	0.0	0.0
k__Eukaryota|p__Eukaryota_unclassified|c__Eukaryota_unclassified	0.0	0.0	0.0	0.0	0.0	0.10436	0.0	0.0	0.0	0.0	0.0	0.0	0.0	0.0	0.0	0.0	0.0	0.0	0.0	0.0	0.0	0.0	0.0	0.0	0.0	0.0	0.0	0.0	0.0	0.0	0.0	0.0	0.0	0.0	0.0	0.0	0.0	0.0	0.0	0.0	0.0	0.0	0.0	0.0	0.0	0.0	0.0	0.0	0.0	0.0	0.0	0.0	0.0	0.0	0.0	0.0	0.0	0.0	0.0	0.0	0.0	0.0	0.25353	0.0	0.0	0.0	0.0	0.0	0.0	0.0	0.0	0.0	0.0	0.0	0.0	0.0	0.0	0.0	0.0	0.0	0.0	0.0	0.0	0.0	0.0	0.0	0.0	0.0	0.0	0.0	0.0	0.0	0.0	0.0	0.0	0.0	0.0	0.0	0.0	0.0	0.0	0.0	0.0	0.0	0.0	0.0	0.0	0.0	0.0	0.0	0.0	0.0	0.0	0.0	0.18403	0.0	0.0	0.0	0.0	0.0	0.0	0.0	0.0	0.0	0.0	0.0	0.0	0.0	0.0	0.0	0.0	0.0211	0.0	0.0	0.0	0.0	0.0	0.0	0.0	0.0	0.0	0.0	0.0	0.0	0.0	0.0	0.0	0.0	0.0	0.0	0.0	0.0	0.0	0.0	0.0	0.0	0.0	0.0	0.03963	0.0	0.0	0.0	0.0	0.0	0.0	0.0	0.0	0.0	0.0	0.0	0.0	0.0	0.0	0.0	0.0	0.0	0.0	0.0	0.0	0.0	0.0	0.0	0.0	0.0	0.0	0.0	0.0	0.0	0.0	0.00256	0.0	0.00052	0.0	0.08754	0.0	0.0	0.0	0.0	0.0	0.0	0.0	0.0	0.0	0.0	0.0	0.0	0.0	0.0	0.0	0.0	0.0	0.0	0.0	0.0	0.0	0.0	0.0	0.0	0.0	0.0	0.0	0.0	0.0	0.0	0.0	0.0	0.0	0.0	0.0	0.0	0.0	0.0	0.0	0.0	0.0	0.0	0.0	0.0	0.0	0.0	0.0	0.0	0.0	0.0	0.0	0.0	0.37407	0.0	0.0	0.0	0.0	0.0	0.0	0.0	0.0	0.0	0.0	0.0	0.0	0.0	0.0	0.0	0.0	0.0	0.0	0.0	0.0	0.0	0.0	0.0	0.0	0.0	0.0	0.0	0.0	0.0	0.0	0.0	0.0	0.00339	0.0	0.0	0.0	0.0	0.0	0.0	0.0	0.0	0.0	0.0	0.0	0.0	0.0	0.0	0.0	0.06435	0.22542	0.4878	0.0	0.0	0.0	0.0	0.0	0.0	0.0	0.0	0.0	0.0	0.0	0.0	0.0	0.0	0.0	0.0	0.0	0.0	0.0	0.0	0.0	0.36715	0.0	0.0	0.0	0.0	0.0	0.0	0.0	0.0	0.0	0.0	0.0	0.0	0.0	0.0	0.0	0.0	0.0	0.0	0.0	0.0	0.0	0.0	0.0	0.0	0.0	0.0	0.0	0.0	0.0	0.0	0.0	0.0	0.0	0.0	0.0	0.0	0.0	0.0	0.0	0.0	0.0	0.0	0.0	0.0	0.0	0.0	0.0	0.0	0.0	0.0	0.0	0.0	0.0	0.0	0.0	0.0	0.0	0.0	0.0	0.0	0.0	0.0	0.0	0.0	0.0	0.0	0.0	0.0	0.35728	0.48633	0.0	0.0	0.0	0.0	0.0	0.0
