p	SAMEA1963786	SAMEA1964348	SAMEA1964895	SAMEA1964914	SAMEA1965033	SAMEA1965112	SAMEA1965191	SAMEA1965384	SAMEA1965767	SAMEA1965852	SAMEA1965906	SAMEA1966253	SAMEA1967055	SAMEA1968035	SAMEA1968151	SAMEA1968361	SAMEA1969296	SAMEA1971886	SAMEA1972159	SAMEA1972229	SAMEA1972440	SAMEA1972463	SAMEA1972794	SAMEA1973207	SAMEA2041923	SAMEA2041924	SAMEA2041925	SAMEA2041926	SAMEA2041927	SAMEA2041928	SAMEA2041930	SAMEA2041931	SAMEA2041932	SAMEA2041933	SAMEA2041934	SAMEA2041935	SAMEA2041936	SAMEA2041937	SAMEA2041938	SAMEA2041939	SAMEA2042000	SAMEA2042001	SAMEA2042002	SAMEA2042003	SAMEA2042004	SAMEA2042005	SAMEA2042006	SAMEA2042007	SAMEA2042009	SAMEA2042010	SAMEA2042011	SAMEA2042012	SAMEA2042013	SAMEA2042014	SAMEA2042087	SAMEA2042088	SAMEA2042089	SAMEA2042090	SAMEA2042091	SAMEA2042092	SAMEA2042093	SAMEA2042095	SAMEA2042096	SAMEA2042097	SAMEA2042098	SAMEA2042099	SAMEA2042100	SAMEA2042101	SAMEA2042102	SAMEA2042103	SAMEA2042104	SAMEA2042105	SAMEA2042106	SAMEA2042107	SAMEA2042108	SAMEA2042109	SAMEA2042110	SAMEA2042111	SAMEA2042112	SAMEA2042113	SAMEA2042114	SAMEA2042115	SAMEA2042191	SAMEA2042192	SAMEA2042193	SAMEA2042194	SAMEA2042195	SAMEA2042196	SAMEA2042197	SAMEA2042198	SAMEA2042199	SAMEA2042200	SAMEA2042201	SAMEA2042202	SAMEA2042203	SAMEA2042204	SAMEA2042205	SAMEA2042206	SAMEA2042215	SAMEA2042216	SAMEA2042217	SAMEA2042218	SAMEA2042219	SAMEA2042220	SAMEA2042221	SAMEA2042222	SAMEA2042223	SAMEA2042224	SAMEA2042225	SAMEA2042226	SAMEA2042280	SAMEA2042281	SAMEA2042282	SAMEA2042283	SAMEA2042284	SAMEA2042285	SAMEA2042286	SAMEA2042287	SAMEA2042288	SAMEA2042289	SAMEA2042290	SAMEA2042292	SAMEA2042293	SAMEA2042294	SAMEA2042295	SAMEA2042296	SAMEA2042297	SAMEA2042298	SAMEA2042299	SAMEA2042300	SAMEA2042301	SAMEA2042302	SAMEA2042303	SAMEA2042304	SAMEA2042360	SAMEA2042361	SAMEA2042362	SAMEA2042363	SAMEA2042364	SAMEA2042365	SAMEA2042366	SAMEA2042367	SAMEA2042368	SAMEA2042369	SAMEA2042371	SAMEA2042372	SAMEA2042373	SAMEA2042374	SAMEA2042375	SAMEA2042376	SAMEA2042377	SAMEA2042378	SAMEA2042379	SAMEA2042380	SAMEA2042381	SAMEA2042382	SAMEA2042383	SAMEA2042384	SAMEA2042385	SAMEA2042386	SAMEA2042387	SAMEA2042388	SAMEA2042389	SAMEA2042391	SAMEA2042392	SAMEA2042393	SAMEA2042394	SAMEA2042395	SAMEA2042396	SAMEA2042397	SAMEA2042398	SAMEA2042399	SAMEA2042400	SAMEA2042401	SAMEA2042402	SAMEA2042403	SAMEA2042404	SAMEA2042405	SAMEA2042406	SAMEA2042407	SAMEA2042408	SAMEA2042425	SAMEA2042426	SAMEA2042427	SAMEA2042428	SAMEA2042429	SAMEA2042430	SAMEA2042431	SAMEA2042433	SAMEA2042434	SAMEA2042435	SAMEA2042436	SAMEA2042437	SAMEA2042438	SAMEA2042439	SAMEA2042440	SAMEA2042441	SAMEA2042442	SAMEA2042443	SAMEA2042444	SAMEA2042445	SAMEA2042446	SAMEA2042447	SAMEA2042448	SAMEA2042449	SAMEA2042450	SAMEA2042451	SAMEA2042452	SAMEA2042453	SAMEA2042488	SAMEA2042489	SAMEA2042490	SAMEA2042491	SAMEA2042492	SAMEA2042493	SAMEA2042495	SAMEA2042496	SAMEA2042497	SAMEA2042498	SAMEA2042499	SAMEA2042500	SAMEA2042501	SAMEA2042502	SAMEA2042503	SAMEA2042504	SAMEA2042505	SAMEA2042506	SAMEA2042507	SAMEA2042508	SAMEA2042509	SAMEA2042510	SAMEA2042511	SAMEA2042512	SAMEA2042513	SAMEA2042515	SAMEA2042516	SAMEA2042517	SAMEA2042518	SAMEA2042519	SAMEA2042520	SAMEA2042553	SAMEA2042554	SAMEA2042555	SAMEA2042556	SAMEA2042557	SAMEA2042558	SAMEA2042559	SAMEA2042560	SAMEA2042561	SAMEA2042562	SAMEA2042563	SAMEA2042564	SAMEA2042566	SAMEA2042567	SAMEA2042568	SAMEA2042569	SAMEA2042570	SAMEA2042571	SAMEA2042572	SAMEA2042573	SAMEA2042574	SAMEA2042575	SAMEA2042576	SAMEA2042577	SAMEA2042578	SAMEA2042579	SAMEA2042580	SAMEA2042581	SAMEA2042582	SAMEA2042583	SAMEA2042584	SAMEA2042585	SAMEA2042602	SAMEA2042603	SAMEA2042604	SAMEA2042605	SAMEA2042606	SAMEA2042607	SAMEA2042608	SAMEA2042609	SAMEA2042611	SAMEA2042612	SAMEA2042613	SAMEA2042614	SAMEA2042615	SAMEA2042616	SAMEA2042617	SAMEA2042618	SAMEA2042619	SAMEA2042620	SAMEA2042621	SAMEA2042622	SAMEA2042623	SAMEA2042624	SAMEA2042625	SAMEA2042626	SAMEA2042627	SAMEA2042628	SAMEA2042629	SAMEA2042630	SAMEA2042632	SAMEA2042633	SAMEA2042643	SAMEA2042644	SAMEA2042645	SAMEA2042646	SAMEA2042647	SAMEA2042648	SAMEA2042649	SAMEA2042650	SAMEA2042651	SAMEA2042653	SAMEA2042654	SAMEA2042655	SAMEA2042656	SAMEA2042657	SAMEA2042658	SAMEA2042659	SAMEA2042660	SAMEA2042661	SAMEA2042662	SAMEA2042663	SAMEA2042664	SAMEA2042665	SAMEA2042729	SAMEA2042730	SAMEA2042731	SAMEA2042732	SAMEA2042733	SAMEA2042734	SAMEA2042736	SAMEA2042737	SAMEA2042738	SAMEA2042739	SAMEA2042740	SAMEA2042741	SAMEA2042742	SAMEA2042743	SAMEA2042744	SAMEA2042745	SAMEA2042828	SAMEA2042829	SAMEA2042830	SAMEA2042831	SAMEA2042832	SAMEA2042833	SAMEA2042834	SAMEA2042835	SAMEA2042836	SAMEA2042837	SAMEA2042838	SAMEA2042839	SAMEA2042840	SAMEA2042841	SAMEA2042842	SAMEA2042911	SAMEA2042912	SAMEA2042913	SAMEA2042914	SAMEA2042915	SAMEA2042916	SAMEA2042917	SAMEA2042918	SAMEA2042919	SAMEA2042920	SAMEA2042921	SAMEA2042922	SAMEA2042923	SAMEA2042924	SAMEA2042980	SAMEA2042981	SAMEA2042982	SAMEA2042983	SAMEA2042984	SAMEA2042985	SAMEA2042986	SAMEA2042987	SAMEA2042988	SAMEA2042990	SAMEA2042991	SAMEA2042992	SAMEA2042993	SAMEA2042994	SAMEA2042995	SAMEA2043040	SAMEA2043041	SAMEA2043042	SAMEA2043043	SAMEA2043044	SAMEA2043045	SAMEA2043046	SAMEA2043048	SAMEA2043049	SAMEA2043050	SAMEA2043051	SAMEA2043052
k__Archaea|p__Euryarchaeota	0.0	0.0	0.0	13.34823	0.07201	0.0	0.00745	1.97986	0.0	0.0	0.0	0.00018	0.0	0.00813	0.01709	0.0	0.0	0.0	0.0	0.57728	0.0	0.0	0.0	0.44092	0.0	2.44009	0.0	0.0	2.99802	0.0	1.22197	1.08747	6.65824	1.86203	0.0	0.0	0.0	0.0	0.76004	0.10347	0.0	0.12326	0.06854	2.98427	3.24868	0.0	0.0	1.04672	0.02146	0.0	0.0	0.0	0.0	0.0	1.07324	0.0	0.0	0.17039	0.17886	0.0	0.07894	0.0	0.05891	0.2072	0.0	0.0	0.0	0.34006	2.55107	0.0	0.53671	0.0	0.0	0.0	0.0	0.00635	0.21951	0.0	0.0	0.0	7.93749	0.0	0.0	0.0	0.15524	0.0	0.0	0.0	0.0	0.0	0.0	0.0	0.06812	0.09151	0.07239	0.52703	0.2843	0.0	0.0	0.0	0.0	0.0	0.00922	0.0	0.71864	0.0	0.2673	0.0	0.0	0.0	0.11473	0.0	0.0	0.09819	0.00267	0.0	0.05204	1.13668	0.0	0.01	0.0	1.20873	0.0	0.0	0.33822	0.0	2.32734	0.22689	0.0	0.0	0.0	0.36456	0.10141	0.0	0.5328	0.0	4.90148	1.59493	0.61125	0.02178	0.0	0.0	0.0861	0.0	0.0	0.0	0.20224	1.70628	0.0	0.0665	0.0	0.0	0.0	0.10379	0.0	0.02737	0.0	7.12061	0.0	0.23401	0.1183	0.0	0.0	0.0	0.0	0.0	0.0	0.0	0.0	0.0	0.02962	0.0	19.59431	8.92715	0.0	0.61264	3.67953	0.0	0.0	0.0	0.0	0.0	0.0	0.0	0.0	0.0	0.0	1.06159	1.72661	0.01289	0.0	0.0	0.70272	0.0	0.0	0.0	0.7939	0.0	0.00207	35.24275	0.0969	8.60369	0.0	0.0	0.0	0.0	0.0	0.0	0.0	1.72791	0.0	0.0	1.04497	0.0	0.0	0.0	0.0	2.99005	0.2147	0.56026	0.0	0.33239	0.0	0.0	0.0	0.03733	0.0	0.0	0.0	5.12483	0.0	0.0	0.27474	0.0	0.0	9.89867	0.0	0.0	0.0	0.0	0.0179	0.21541	0.0	0.81454	0.0	0.0	0.07789	0.09035	4.54258	0.0	0.0	0.21322	0.0	0.0	0.02052	0.00645	0.0	0.0	0.0	15.27445	0.96269	0.0	0.0	0.0	0.0	0.0	0.06782	0.0	1.93699	0.0	2.48058	0.0	0.0	0.0	0.0	0.66335	0.0	0.1309	0.0	0.0	0.13588	0.89223	0.0	1.7785	0.04092	0.0	0.0	0.0	0.2453	0.22412	1.03143	0.0	0.0	13.38118	0.0	0.15196	0.67854	6.77244	0.0	0.0	0.0	0.0	0.89544	2.59251	0.0	0.0	0.86742	0.0	0.32103	0.0	0.0	0.17467	0.0	0.0	0.0	0.6293	0.0	0.0	0.0	0.65337	0.00977	0.0	8.34312	0.46142	0.0	0.05142	0.0	0.0	0.0	0.11497	0.0	0.0	0.0	0.0	0.02377	5.4489	3.63084	0.0	0.0	3.33349	1.73104	0.82695	6.88483	2.19164	1.69571	0.0	0.32411	0.0	0.0	0.0	0.0	0.0	0.0	0.0	0.0	0.0	0.0	0.0	0.0	0.0	0.0	0.36671	4.55724	0.0	0.0	0.0	7.05511	10.97913	0.0	0.0	0.0	0.0	0.86114	2.60558	0.0	0.00939	0.0	0.0	0.12337	0.0	0.0	0.0	0.0	0.0	0.0	0.0	1.33299	2.09072	0.32879	5.39736	0.0	0.66204	0.61049	0.0	8.4375	0.0
k__Bacteria|p__Actinobacteria	1.59998	0.81447	0.80447	14.59502	0.55711	0.65738	2.50477	0.45968	0.2289	1.00593	5.01878	6.89134	0.94592	1.3528	4.62034	8.42693	0.41786	1.44388	0.17355	4.80916	10.31132	3.50336	4.29936	0.30166	0.11694	3.12585	4.1149	2.20026	1.56841	3.52106	3.03502	2.52087	0.10729	0.57959	1.93858	0.34785	0.97083	0.27907	0.13243	0.07007	1.86768	0.9856	1.09771	4.67506	2.83773	2.25861	1.17383	1.75299	0.79183	5.17963	5.39037	0.03059	0.0	0.0	0.65849	0.07114	1.94271	0.15685	0.06525	0.00538	0.13295	0.0	0.41808	0.0	0.0	0.05566	0.01607	0.83494	0.17522	5.15843	2.46056	0.88377	1.48606	2.59803	0.03669	8.7604	0.0	0.87517	3.76855	0.71554	13.40044	2.22738	0.19878	1.63228	0.10141	0.05769	0.08822	0.00381	0.0	0.15515	0.13702	0.00668	0.07128	0.0	0.23627	0.35642	0.92699	0.15229	11.74595	1.60653	2.74806	0.01901	1.31097	0.36704	2.27011	10.58711	1.73757	0.87186	2.28103	11.81192	0.41907	0.54901	0.53797	1.50243	1.18851	0.1717	1.80392	0.06253	0.03393	0.05537	0.53344	0.28731	0.03572	0.74812	0.08286	0.07601	0.00979	0.98081	0.21647	0.12634	1.02995	0.0	0.2683	1.30585	0.31389	0.39815	0.57015	1.76774	4.0716	0.22486	5.26988	0.20109	1.63443	0.32549	0.53243	0.51341	0.34285	1.51123	1.9605	0.03197	0.0	0.13828	0.24637	0.08075	0.06942	0.11088	0.09137	0.07888	0.0	0.21284	0.1805	0.2004	0.0	0.03229	3.19355	0.30382	0.33002	3.19785	0.68887	0.0	2.39321	3.22233	0.00331	0.03026	2.5888	0.88048	4.08959	3.6326	8.95772	9.48981	10.47787	0.64392	0.60723	0.05324	0.0522	0.02799	0.08278	0.05055	0.26339	0.16089	0.28908	0.31561	0.48759	0.08936	3.58379	8.28677	1.6232	1.98994	6.32986	1.74749	0.0	4.14507	0.47224	0.18774	1.63904	3.57043	0.02931	4.79031	1.87392	1.20077	0.05334	0.08429	0.15947	0.1044	0.06166	0.01626	0.16791	1.27917	1.0286	0.70182	2.97231	0.19555	0.01996	0.88043	4.55759	0.41758	2.5172	3.12927	15.94257	12.88739	8.57762	0.55263	1.61693	4.46548	1.73843	8.20011	4.37899	5.79616	1.38475	18.45954	0.35437	0.33386	0.51432	0.64104	0.2456	0.74693	2.68807	0.08674	0.93835	0.25265	0.4956	1.06844	1.70175	0.29082	0.47737	0.7446	5.45432	3.39894	5.52753	1.32182	0.80123	3.83353	6.52805	0.67057	3.04187	1.35984	0.56449	5.67039	3.23497	1.02049	3.75182	1.07585	0.60042	0.14193	0.42537	0.10985	0.2231	0.9653	0.04894	1.42107	0.34092	0.05519	0.83475	3.33521	0.13836	0.46741	0.0	0.78308	6.45866	7.28839	0.92682	0.84727	7.27227	3.81462	2.47649	0.52853	0.89059	0.73877	0.6506	5.39326	2.92537	3.30078	0.85187	0.90578	0.28362	1.47488	0.92603	0.19586	0.28429	0.21491	0.20631	0.29707	0.05246	0.33268	0.19277	0.10104	0.47061	4.68236	4.15851	1.3518	0.46492	0.58239	0.66734	1.77304	0.1138	0.62739	0.08278	0.04261	0.01997	1.98042	0.03405	0.24823	0.24122	0.55657	0.00076	0.0	2.46197	0.94126	10.60675	2.51974	1.98617	0.0221	3.28072	0.00654	2.81754	0.06259	1.01995	0.00682	2.14585	0.00288	4.23741	0.48852	1.32972	6.17683	1.42327	13.24779	0.16085	5.38909	0.29856	2.51695	3.03291	0.39535	6.61801	2.01084	1.1669	2.44899	0.96088	1.7344	8.3917	11.50334	6.44389	3.43792	2.69337	4.45829	9.25125	9.15581	1.6929	4.43328	0.4837	4.38897	1.43802	4.86199	0.46357	0.28695	0.0	0.95574	0.61681	1.06825	0.19849	0.49209	0.67372	0.74129	3.80678	2.76631	3.20666	1.19602
k__Bacteria|p__Bacteroidetes	70.28446	39.57035	54.12365	26.14417	68.57612	31.36883	53.76301	39.35079	67.38397	82.12278	39.63609	66.34138	84.63894	56.41855	2.40291	52.26084	56.23999	59.48278	40.20093	66.13826	61.56434	39.23661	30.75084	50.7507	52.16826	57.92902	53.58653	27.81609	57.96328	51.1611	47.67239	50.44099	74.34727	59.35756	49.65978	59.62838	64.37249	69.27251	37.82001	52.18863	49.15448	56.75078	24.51796	46.73842	38.00809	40.84074	41.95027	25.34296	47.00005	17.44633	31.2576	85.18247	12.65494	65.0424	53.70087	74.08946	52.77243	16.10816	16.48203	74.18689	40.13998	84.49608	46.9349	45.02266	71.07515	64.09907	66.60741	18.46644	58.74763	52.56147	32.55431	48.0962	65.86162	53.09435	73.23216	29.49477	82.19826	78.37574	59.25872	75.02002	21.76143	42.39391	47.58295	55.5232	49.08785	58.07682	35.3784	44.1409	45.90216	60.03536	60.66092	73.82578	34.55518	51.86674	34.69012	16.66258	40.27632	42.18008	77.99349	82.66915	16.33532	91.30006	34.66531	55.4207	30.31816	22.39795	53.30181	62.34821	17.91036	28.0758	79.6636	35.55777	53.36543	59.41726	68.28364	70.44574	22.149	50.33856	81.48457	57.63767	41.09506	38.75167	78.93353	27.48055	45.18536	69.33765	44.65651	55.02788	65.40718	76.41446	37.71292	31.71551	63.25392	50.60298	30.8798	68.95318	55.43948	35.6111	57.11654	47.33854	44.81222	68.94911	45.54993	84.70058	45.80098	73.6242	47.71668	16.83415	44.24613	62.5749	64.58261	44.80938	61.76952	26.64484	60.21011	38.59668	65.39871	51.57962	39.61677	63.05007	18.69784	40.84408	86.91442	67.68327	26.77396	87.03455	35.50922	27.24384	76.34051	72.43751	56.63664	15.40245	42.50813	51.51613	54.32552	42.73661	36.59939	54.77804	69.52765	12.29089	33.92038	43.01354	54.78695	66.11847	54.95595	70.3445	42.54546	45.49941	61.64082	46.46029	49.7996	17.7154	31.26274	66.21509	65.91329	31.99714	31.79522	31.05263	25.85221	2.62616	33.47886	49.5961	59.89691	49.21015	46.73766	42.54842	37.51444	49.4401	36.62497	32.29589	70.1157	72.43926	58.52842	73.15752	67.68639	41.49157	84.26819	43.72973	48.99856	37.88188	17.36512	70.65587	51.15171	38.26286	32.47475	53.09966	39.67759	77.26162	20.51484	34.87633	32.5708	71.23389	66.61585	39.43324	62.51265	3.74823	31.45987	44.64248	55.15139	26.21611	60.42276	29.77766	57.27016	26.37807	48.24313	68.3133	64.97304	61.44129	14.6466	67.88052	54.70309	57.39348	71.21639	47.65231	81.94416	58.0599	38.74202	56.91365	54.90371	12.02915	22.12975	37.90162	28.15946	51.12327	48.19115	29.31823	75.72631	40.67744	34.8067	52.89593	17.54553	56.30942	38.4375	49.70727	60.78124	43.62867	58.17584	32.17707	72.69601	63.48474	33.44217	53.14325	42.36935	52.9011	42.69102	65.18427	72.03973	25.59936	41.71335	39.80041	47.91721	67.94918	17.62637	39.24938	53.43252	43.92552	35.73294	42.07352	73.44602	33.47626	6.30775	31.17399	43.38268	46.47268	44.51584	60.29687	16.22569	86.37915	63.97267	71.69688	65.2546	48.33844	34.39235	46.14212	41.50942	39.8481	49.92994	74.31415	43.71702	48.77417	32.61283	83.32807	28.15936	13.80397	26.60709	42.03522	74.24469	66.61446	55.2859	64.07676	80.70162	38.67018	62.88604	57.40658	73.61876	48.81241	26.6095	5.28809	10.31915	32.77465	44.63586	34.39039	28.51758	67.247	33.69172	40.577	40.78888	86.76749	53.14279	71.97453	39.7322	55.08713	8.42522	54.40923	46.97601	39.14252	20.97003	34.75172	59.00475	59.36832	31.51633	64.48831	22.23685	78.91417	78.78177	35.57955	35.06854	25.21765	36.46352	47.79731	10.84228	52.46374	44.22986	34.67133	39.73872	40.22071	78.49544	58.37332	20.32505	65.27064	58.81905	19.23751	50.58266	51.05379	32.34734	27.6583	34.91617	46.6191	39.47166	45.81677	74.28225	45.76127	36.95157	44.79196	30.10907	24.51692
k__Bacteria|p__Candidatus_Melainabacteria	0.06884	0.02836	0.0	0.0	0.45699	0.0	0.0	0.0	0.0	0.0	0.0	0.0	0.0	0.0	0.0	0.0	0.0	0.0	0.0	0.0	0.0	0.0	0.0	0.0	0.0	0.0	0.0	0.0	0.01172	0.0	0.0	0.0	0.05124	0.02957	0.0	0.0	0.0	0.0	0.10107	0.04815	0.0	0.0	0.0	0.0	0.0	0.0	0.0	0.0	0.0	0.0	0.0	0.0	0.0	0.0	0.0	0.0	0.0	0.0	0.0	0.0	0.0	0.0	0.0	0.0	0.0	0.0	0.0	0.0	0.0	0.0	0.0	0.0	0.0	0.0	0.0	0.0	0.0	0.0	0.0	0.0	0.0	0.0	0.63886	0.0	0.0	0.0	0.0	0.0	0.0	0.0	0.0	0.0	0.20781	0.0	0.0	0.0	0.0	0.0	0.0	0.0	0.0	0.0	0.0	0.0	0.0	0.0	0.0	0.0	0.0	0.0	0.0	0.25261	0.0	0.0	0.0	0.02398	0.0	0.0	0.0	0.0544	0.0	0.0	0.0	0.11614	0.0	0.0	0.0	0.06299	0.0	0.0	0.0	0.0	0.0	0.0	0.0	0.0	0.10728	0.0	0.0	0.0	0.0	0.0	0.0	0.0	0.0	0.0	0.05697	0.0	0.0	0.0	0.0	0.0	0.0	0.0	0.0	0.0	0.0	0.0	0.0	0.0	0.12365	0.0	0.0	0.0	0.0	0.0	0.0	0.0	0.0	0.0	0.0	0.0	0.0	0.0	0.01943	0.0	0.0	0.0	0.0	0.0	0.0	0.0	0.0	0.0	0.0	0.0	0.01585	0.0	0.0	0.0	0.0	0.0	0.0	0.0	0.0	0.0	0.0	0.0	0.0	0.0	0.0	0.0	0.0	0.0	0.0	0.0	0.0	0.0	0.0	0.16148	0.0	0.00933	0.0	0.0	0.0	0.0534	0.0	0.01042	0.00429	0.0	0.0	0.0	0.0	0.0	0.0	0.0	0.0	0.0	0.0	0.0	0.0	0.0	0.0	0.0	0.0	0.0	0.0	0.0	0.0	0.0	0.0	0.58615	0.0	0.0	0.30926	0.0	0.21016	0.0	0.0	0.0	0.0	0.0	0.0	0.0	0.0	0.0	0.0	0.0	0.0	0.00417	0.01081	0.0	0.0	0.0	0.0	0.0	0.0	0.0	0.0	0.0	0.0	0.0	0.0	0.0	0.0	0.0	0.02927	0.03983	0.0	0.0	0.0	0.0	0.0	0.0	0.0	0.0	0.0	0.0	0.0	0.0	0.0	0.0	0.0	0.0	0.0	0.0	0.0	0.0	0.0	0.0	0.0	0.0	0.0	0.0	0.0	0.0	0.0	0.0	0.0	0.0	0.0	0.0	0.0	0.0	0.0	0.05318	0.0	0.0	0.0	0.0	0.0	0.0	0.0	0.0	0.0	0.0	0.0	0.0	0.0	0.02445	0.0	0.00418	0.0	0.0	0.0	0.0	0.0	0.0	0.0	0.0	0.0	0.0	0.0	0.0	0.0	0.0	0.0	0.0	0.0	0.0	0.0	0.0	0.0	0.0	0.0	0.0	0.0	0.0	0.0	0.0	0.0	0.0	0.0	0.0	0.0	0.0	0.0	0.0	0.0	0.0	0.0	0.0	0.0	0.0	0.0	0.0	0.0	0.0	0.12092	0.0	0.0	0.0	0.00469	0.00968	0.37983	0.0	0.0	0.01127	0.0	0.0	0.0	0.0	0.0	0.0	0.0	0.0
k__Bacteria|p__Chlamydiae	0.0	0.0	0.0	0.0	0.0	0.0	0.0	0.0	0.0	0.0	0.0	0.0	0.0	0.0	0.0	0.0	0.0	0.0	0.0	0.0	0.0	0.0	0.0	0.0	0.0	0.0	0.0	0.0	0.0	0.0	0.0	0.0	0.0	0.0	0.0	0.0	0.0	0.0	0.0	0.0	0.0	0.0	0.0	0.0	0.0	0.0	0.0	0.0	0.0	0.0	0.0	0.0	0.0	0.0	0.0	0.0	0.0	0.0	0.0	0.0	0.0	0.0	0.0	0.0	0.0	0.0	0.0	0.0	0.0	0.0	0.0	0.0	0.0	0.0	0.0	0.0	0.0	0.0	0.0	0.0	0.0	0.0	0.0	0.0	0.0	0.0	0.0	0.0	0.0	0.0	0.0	0.0	0.0	0.0	0.0	0.0	0.0	0.0	0.0	0.0	0.0	0.0	0.0	0.0	0.0	0.0	0.0	0.0	0.0	0.0	0.0	0.0	0.0	0.0	0.0	0.0	0.0	0.0	0.0	0.0	0.0	0.0	0.0	0.0	0.0	0.0	0.0	0.0	0.0	0.0	0.0	0.0	0.0	0.0	0.0	0.0	0.0	0.0	0.0	0.0	0.0	0.0	0.0	0.0	0.0	0.0	0.0	0.0	0.0	0.0	0.0	0.0	0.0	0.0	0.0	0.0	0.0	0.0	0.0	0.0	0.0	0.0	0.0	0.0	0.0	0.0	0.0	0.0	0.0	0.0	0.0	0.0	0.0	0.0	0.0	0.0	0.0	0.0	0.0	0.0	0.0	0.0	0.0	0.0	0.0	0.0	0.0	0.0	0.0	0.0	0.0	0.0	0.0	0.0	0.0	0.0	0.0	0.0	0.0	0.0	0.0	0.0	0.0	0.0	0.0	0.0	0.0	0.0	0.0	0.0	0.0	0.0	0.0	0.0	0.0	0.0	0.0	0.0	0.0	0.0	0.0	0.0	0.0	0.0	0.0	0.0	0.0	0.0	0.0	0.0	0.0	0.0	0.0	0.0	0.0	0.0	0.0	0.0	0.0	0.0	0.0	0.0	0.0	0.0	0.0	0.0	0.0	0.0	0.0	0.0	0.0	0.0	0.0	0.0	0.0	0.0	0.0	0.0	0.0	0.0	0.0	0.0	0.0	0.0	0.0	0.0	0.0	0.0	0.0	0.0	0.0	0.0	0.0	0.0	0.0	0.0	0.0	0.0	0.0	0.0	0.0	0.0	0.0	0.0	0.0	0.0	0.0	0.0	0.0	0.0	0.0	0.0	0.0	0.0	0.0	0.0	0.0	0.0	0.0	0.0	0.0	0.0	0.0	0.0	0.0	0.0	0.0	0.0	0.0	0.0	0.0	0.0	0.0	0.0	0.0	0.0	0.0	0.0	0.0	0.0	0.0	0.0	0.0	0.0	0.0	0.0	0.0	0.0	0.0	0.0	0.0	0.0	0.0	0.0	0.0	0.0	0.0	0.0	0.0	0.0	0.0	0.0	0.0	0.0	0.0	0.0	0.0	0.02306	0.0	0.0	0.0	0.0	0.0	0.0	0.0	0.0	0.0	0.0	0.0	0.0	0.0	0.0	0.0	0.0	0.0	0.0	0.0	0.0	0.0	0.0	0.0	0.0	0.0	0.0	0.0	0.0	0.0	0.0	0.0	0.0	0.00163	0.0	0.0	0.0	0.0	0.0	0.0	0.0	0.0	0.0	0.0	0.0	0.0	0.0	0.0	0.0
k__Bacteria|p__Chloroflexi	0.0	0.0	0.0	0.0	0.0	0.0	0.0	0.0	0.0	0.0	0.0	0.0	0.0	0.0	0.0	0.0	0.0	0.0	0.0	0.0	0.0	0.0	0.00117	0.0	0.0	0.0	0.0	0.0	0.0	0.0	0.0	0.0	0.0	0.0	0.0	0.0	0.0	0.0	0.0	0.0	0.0	0.0	0.0	0.0	0.0	0.0	0.0	0.0	0.0	0.0	0.0	0.0	0.0	0.0	0.0	0.0	0.0	0.0	0.0	0.0	0.0	0.0	0.0	0.0	0.0	0.0	0.0	0.0	0.0	0.0	0.0	0.0	0.0	0.0	0.0	0.0	0.0	0.0	0.0	0.0	0.0	0.0	0.0	0.0	0.0	0.0	0.0	0.0	0.0	0.0	0.0	0.0	0.0	0.0	0.0	0.0	0.0	0.0	0.0	0.0	0.0	0.0	0.0	0.0	0.0	0.0	0.0	0.0	0.0	0.0	0.0	0.0	0.0	0.0	0.00097	0.0	0.00212	0.0	0.0	0.0	0.0	0.0	0.0	0.0	0.0	0.0	0.0	0.0	0.0	0.0	0.0	0.0	0.0	0.0	0.0	0.00081	0.0	0.0	0.0	0.0	0.00627	0.0	0.0	0.0	0.0	0.0	0.0	0.0	0.0	0.0	0.0	0.0	0.0	0.0	0.0	0.0	0.0	0.0	0.0	0.0	0.0	0.0	0.0	0.0	0.0	0.0	0.0	0.0	0.0	0.0	0.0	0.0	0.0	0.0	0.0	0.0	0.0	0.0	0.0	0.0	0.0	0.0	0.0	0.0	0.0	0.0	0.0	0.0	0.0	0.0	0.0	0.0	0.0	0.0	0.0	0.0	0.0	0.0	0.0	0.0	0.0	0.0	0.0	0.0	0.0	0.0	0.0	0.0	0.0	0.0	0.0	0.0	0.0	0.0	0.0	0.0	0.0	0.0	0.0	0.0	0.0	0.0	0.0	0.0	0.0	0.0	0.0	0.0	0.0	0.0	0.0	0.0	0.0	0.0	0.0	0.0	0.0	0.0	0.0	0.0	0.0	0.0	0.0	0.0	0.0	0.0	0.0	0.0	0.0	0.0	0.0	0.0	0.0	0.0	0.0	0.0	0.0	0.0	0.0	0.0	0.0	0.0	0.0	0.0	0.0	0.0	0.0	0.0	0.0	0.0	0.0	0.0	0.0	0.0	0.0	0.0	0.0	0.0	0.0	0.0	0.0	0.0	0.0	0.0	0.0	0.0	0.0	0.0	0.0	0.0	0.0	0.0	0.0	0.0	0.0	0.0	0.0	0.0	0.0	0.0	0.0	0.0	0.0	0.0	0.0	0.0	0.0	0.0	0.0	0.0	0.0	0.0	0.0	0.0	0.0	0.0	0.0	0.0	0.0	0.0	0.0	0.0	0.0	0.0	0.0	0.0	0.0	0.0	0.0	0.0	0.0	0.0	0.0	0.0	0.0	0.0	0.0	0.0	0.0	0.0	0.0	0.0	0.0	0.0	0.0	0.0	0.0	0.0	0.0	0.0	0.0	0.0	0.0	0.0	0.0	0.0	0.0	0.0	0.0	0.0	0.0	0.0	0.0	0.0	0.0	0.0	0.0	0.0	0.0	0.0	0.0	0.0	0.0	0.0	0.0	0.0	0.0	0.0	0.0	0.0	0.0	0.0	0.0	0.0	0.0	0.0	0.0	0.0	0.0	0.0	0.0	0.0	0.0	0.0	0.0	0.0
k__Bacteria|p__Firmicutes	25.92622	59.36165	44.90694	37.14927	28.36809	67.02359	43.65782	56.47677	32.33109	16.78022	54.28634	25.28301	12.47912	39.1873	44.70942	39.01316	43.1979	39.00534	58.90937	28.20478	27.81887	56.13155	54.91312	48.24692	47.30206	32.30288	41.58264	66.52581	35.18615	43.98034	46.71529	42.74135	16.18747	35.23033	46.44507	39.25297	32.25838	28.37006	59.47281	46.40424	48.897	41.82296	73.1047799999999	44.662	55.14578	55.26149	54.90466	70.20183	51.47138	77.28308	63.27767	14.50443	66.34408	34.27711	34.12128	25.82018	43.8201	83.52381	83.023	25.77664	58.90647	15.50396	51.18409	54.38543	26.26101	34.67044	33.37453	76.92545	33.19049	42.02441	64.315	50.13504	32.28225	43.45054	22.03318	61.59887	17.58218	15.48539	33.29163	23.67533	54.64893	54.55794	49.29578	42.48983	41.10109	26.48987	63.79425	54.94337	53.85153	39.77195	37.98571	26.13782	64.80605	47.99895	64.01954	82.35431	51.90548	57.50512	9.26413	15.60144	80.76288	8.61846	63.86704	44.1334	63.51975	60.58407	44.50656	31.82386	76.51386	60.02265	19.55517	61.07786	45.70845	38.23553	29.80399	29.22143	74.0832	45.12184	18.46228	41.40521	57.65831	52.61476	19.9176	71.04065	49.0066	30.4031	52.26324	40.42758	34.33877	23.39416	57.71926	67.80918	35.3948	43.75634	65.55078	29.32264	36.90831	57.48957	27.0427	40.30556	47.50871	30.2266	50.4944	14.61792	53.2484	22.3908	51.28433	66.26423	53.61337	37.32664	31.40294	53.20039	34.3368	72.6154	39.51542	61.17436	34.27798	36.93948	57.52214	36.25281	80.73698	58.74418	12.87751	31.90836	67.6293	11.21058	63.40373	47.98556	22.76333	26.43168	39.73452	69.85427	37.48547	38.21596	41.25753	54.93334	54.21212	41.55483	21.47945	72.6630400000001	55.05039	55.01614	44.3623	33.20582	27.47928	29.37099	53.51788	44.43301	22.35013	51.60019	49.03323	81.75841	66.82993	33.5854	30.04448	58.89708	65.78771	65.89667	67.29874	60.36518	57.16621	36.31597	39.57466	46.99049	51.425	53.67919	61.00001	44.11317	61.4567	63.69072	29.66016	26.11077	40.01899	26.47361	31.99779	57.70026	15.50595	51.44659	49.29124	53.80897	79.58844	28.16018	29.88119	59.91817	62.88209	46.27839	57.16814	19.26766	62.92996	44.00076	58.04832	27.528	31.26684	54.44066	27.23052	78.01331	63.15064	49.19591	42.57685	52.64115	39.12254	62.36854	41.65983	61.66902	50.70234	30.16557	31.30954	37.7486	75.59802	31.10183	44.55134	40.65613	26.90951	52.02322	17.51162	40.59903	54.2016	39.0727	38.74708	69.50465	75.62041	56.59652	65.14449	48.16967	48.58638	68.38635	22.47378	53.0245	59.316	45.56597	76.01986	41.40785	59.24194	48.2125	37.42103	54.2565	41.43414	65.7457100000001	24.68077	29.10133	63.94038	45.62605	56.62244	39.99384	56.37315	34.19492	26.97419	73.18306	45.22772	46.90131	46.35524	28.13126	68.28971	42.89037	42.07611	55.07647	61.64217	44.73269	25.81704	60.79028	90.32569	61.5748	51.6677	40.45131	54.16126	35.74934	79.38495	13.41766	34.314	28.08657	33.3	50.8944	65.40371	52.8419	58.12768	59.31417	49.42538	20.99619	49.17665	47.3916	65.46686	15.54526	61.71803	81.03328	71.23803	57.07006	25.66218	29.98009	43.09729	33.45845	16.37143	60.95991	36.80367	41.98124	23.25379	45.63915	66.89604	93.42165	78.60178	60.41623	50.28711	64.76056	56.44704	30.55486	61.28479	59.3604	57.72103	13.19219	44.55872	27.28153	55.59263	44.14789	90.19739	36.73878	51.04679	46.95418	78.86914	59.65473	40.68782	33.37554	64.46358	33.86118	65.27934	14.08208	14.29005	60.26373	54.99748	58.00794	53.95594	40.36683	82.55935	43.65937	47.98072	57.29012	48.91437	48.30865	19.11285	33.44854	78.63675	30.12463	37.86626	74.57893	24.92886	22.25105	67.14058	70.73877	61.97314	48.17595	59.16308	44.21249	24.91184	49.71461	58.02002	50.91931	51.56485	72.0108
k__Bacteria|p__Fusobacteria	0.0	0.0	0.0	0.0	0.31586	0.0	0.0	0.0	0.0	0.0	0.0511	0.04716	0.0	0.00114	1.11811	0.0	0.0	0.0	0.00023	0.0	0.0	0.0	0.0	0.0	0.0	0.0	0.0	0.0	0.0599	0.0	0.02587	0.21825	0.20633	1.34041	0.0	0.0	0.0	0.0	0.17572	0.01844	0.0	0.0	0.0	0.0	0.0	0.00528	0.0	0.0	0.0	0.0	0.0	0.0	17.3732	0.0	0.0	0.0	0.0	0.0	0.0	0.0	0.0	0.0	0.0	0.0	0.0	0.0	0.0	0.0	1.78798	0.0	0.0	0.0	0.0	0.1044	1.32173	0.0	0.0	0.0	0.0	0.0	0.0	0.0	0.0	0.0	8.99618	14.10746	0.0	0.0	0.0	0.0	0.05343	0.0	0.0	0.0	0.0	0.0	0.0	0.0	0.95435	0.0	0.0	0.0	0.0	0.0	0.0	0.0	0.0	2.1218	1.87211	0.0	0.0	0.0	0.0	0.0	0.0	0.0	0.0	2.02135	0.0	0.64837	0.0	0.0	0.0	0.32563	0.0	0.0	0.43992	0.0	0.0	0.0	0.0	0.06258	0.0	0.0	0.0	0.0	0.0	0.0	0.0	0.0	0.0	0.0	0.0	0.0	0.0	0.10626	0.0	0.0	0.0	0.0	0.0	0.0	0.0	0.0	0.0	0.0	0.0	0.0	2.07555	0.1756	0.0	0.0	0.0	0.0	0.0	0.0	0.0	0.00898	0.0	0.0	0.03038	0.0	0.0	0.0	0.0	0.0	0.0	0.0	0.0	0.0	0.0	0.45324	0.0	0.0	0.0	0.0	0.0	0.0	0.0	0.0	0.0	0.0	0.0	0.0	0.0	0.0	0.0	0.0	0.0	0.0	9.17075	0.81484	0.0	0.0	0.05653	0.0042	0.0	0.0	0.0	0.0	0.0	0.0	0.0	0.0	0.0	0.38352	0.0	0.0	0.0	0.0	0.0	0.0	0.0	0.0	0.0	0.0	0.0	0.01899	0.0	0.0	0.0	0.0	0.0	0.0	0.0	0.0	0.0	0.0	0.0	0.0	0.0	0.0	0.0	0.0	0.0	0.0	0.0	0.0	0.0	0.0	0.0	0.0	0.0	0.0	0.0	0.0	0.0	0.19591	0.0	0.05982	0.0	0.0	0.0	0.0	0.0	0.0	0.0	0.0	0.0	0.01135	0.0	0.0	0.0	0.0	0.0	0.0	0.0	0.04914	0.0	0.0	0.72165	0.0	0.0	0.0	0.0	0.0	0.0	0.0	0.0	0.0	0.05599	0.8726	0.22826	0.0	0.0	0.0	0.0	0.0	0.0	0.00096	0.0	0.0	0.0	0.0	0.0	0.0	0.0	0.0	0.0	0.0	0.0	0.0	0.0	0.0	0.0	0.0	0.0	0.0	0.0	0.0	0.0	0.00457	0.0	0.0	0.0	0.0	0.0	0.0	0.0	0.0	0.0	0.0029	0.0	0.0	1.03022	0.0	0.0	0.0	0.0	0.0	0.08211	0.0	0.0	0.0	0.0	0.0	0.01316	0.0	0.0	0.0	0.0	0.02019	0.0	0.00939	0.0	0.0	0.0	0.0	0.0	0.65663	0.0	0.0	0.0	2.40722	3.77486	0.0	0.0	0.0	0.0	0.0	0.0	0.0	0.0	0.0	0.0	0.0	0.0	0.00236	0.0	0.0	0.0	0.0	0.0	0.0	0.0	0.0	0.0	0.0	0.0	0.0	0.0	0.0	0.0	0.0016	0.0	0.0
k__Bacteria|p__Lentisphaerae	0.0	0.0	0.02592	0.0	0.03477	0.0	0.0	0.0	0.0	0.0	0.0	0.0	0.00257	0.0	0.0	0.0	0.0	0.0	0.0	0.0	0.0	0.0	0.0	0.0	0.0	0.0	0.0	0.0	0.24315	0.0	0.0	0.0	0.55511	0.30293	0.0	0.0	0.0	0.0	0.0	0.0	0.03298	0.00433	0.0	0.01126	0.00763	0.0	0.0	0.0	0.0	0.0	0.0	0.0	0.0	0.0	0.0	0.0	0.0	0.0	0.0	0.0	0.0	0.0	0.0	0.0	0.0	0.0	0.0	0.0	0.0	0.0	0.0	0.0	0.0	0.0	0.0	0.00623	0.0	0.0	0.0	0.0	0.0	0.0	0.0	0.0	0.0	0.0	0.0	0.0	0.0	0.0	0.0	0.0	0.0	0.0	0.03919	0.0	0.0	0.0	0.0	0.0	0.0	0.0	0.0	0.0	0.00232	0.0	0.00767	0.0	0.0	0.0	0.0	0.0	0.0	0.05201	0.0	0.01122	0.0	0.0	0.0	0.0	0.0	0.0	0.0	0.0314	0.0	0.0	0.03	0.0	0.0	0.0	0.0	0.0	0.0	0.0	0.2554	0.0	0.02679	0.0	0.02302	0.0	0.0	0.0	0.00965	0.0	0.0	0.0	0.0	0.0	0.03809	0.0	0.0	0.0	0.0	0.00201	0.0	0.0	0.0	0.0	0.0	0.0	0.0	0.0	0.0	0.0	0.0	0.0	0.0	0.0	0.0	0.0	0.0	0.0	0.0	0.02849	0.00231	0.0	0.0	0.0	0.0	0.0	0.0	0.0	0.0	0.0	0.0	0.00843	0.0	0.02463	0.03992	0.0	0.0	0.0	0.0	0.00148	0.0	0.0	0.0	0.0	0.0	0.0	0.0	0.0	0.0	0.0	0.0	0.0	0.0	0.0	0.0	0.0	0.0	0.0	0.0	0.0	0.0	0.00062	0.0	0.0	0.0	0.15048	0.00248	0.03103	0.0	0.0	0.0	0.0	0.0	0.0	0.0	0.0	0.0	0.0	0.0	0.0	0.0	0.0	0.0	0.0	0.0181	0.0	0.0	0.0	0.0004	0.01977	0.0	0.0	0.00057	0.01299	0.03402	0.0	0.0	0.0	0.00835	0.0	0.0	0.0	0.0	0.0	0.0	0.0	0.00306	0.0	0.0	0.0	0.0	0.0	0.0	0.0	0.0	0.0	0.0	0.0	0.0	0.0	0.15614	0.01765	0.0048	0.02014	0.00347	0.0	0.00488	0.0	0.0	0.0	0.00914	0.0	0.0	0.0	0.0	0.0	0.0	0.0	0.0	0.0	0.0	0.0	0.00143	0.00507	0.0	0.0	0.0	0.0	0.07511	0.0	0.0	0.0	0.0	0.0036	0.01459	0.0	0.0	0.00373	0.0	0.0	0.0	0.0	0.0	0.0	0.0	0.05101	0.0	0.0	0.0	0.0	0.0	0.0	0.0	0.0	0.0	0.00029	0.0	0.0	0.0	0.0	0.0	0.0	0.0	0.0	0.0	0.00715	0.01781	0.0	0.00415	0.0	0.00968	0.0	0.0	0.0	0.0	0.0	0.0	0.0	0.0	0.0	0.0	0.0	0.0	0.0	0.0	0.0	0.0	0.0	0.0	0.0	0.0	0.0	0.0054	0.0	0.0	0.0	0.0	0.0	0.0	0.0	0.0	0.0	0.0	0.0	0.0	0.0	0.0	0.0	0.12389	0.09413	0.0	0.0	0.0	0.0	0.00717	0.0	0.0	0.0	0.00057	0.0	0.0	0.0
k__Bacteria|p__Planctomycetes	0.0	0.0	0.0	0.0	0.0	0.0	0.0	0.0	0.0	0.0	0.0	0.0	0.0	0.0	0.0	0.0	0.0	0.0	0.0	0.0	0.0	0.0	0.00153	0.0	0.0	0.0	0.0	0.0	0.0	0.0	0.0	0.0	0.0	0.0	0.0	0.0	0.0	0.0	0.0	0.0	0.0	0.0	0.0	0.0	0.0	0.0	0.0	0.0	0.0	0.0	0.0	0.0	0.0	0.0	0.0	0.0	0.0	0.0	0.0	0.0	0.0	0.0	0.0	0.0	0.0	0.0	0.0	0.0	0.0	0.0	0.0	0.0	0.0	0.0	0.0	0.0	0.0	0.0	0.0	0.0	0.0	0.0	0.0	0.0	0.0	0.0	0.0	0.0	0.0	0.0	0.0	0.0	0.0	0.0	0.0	0.0	0.0	0.0	0.0	0.0	0.0	0.0	0.0	0.0	0.0	0.0	0.0	0.0	0.0	0.0	0.0	0.0	0.0	0.00287	0.00229	0.0	0.00147	0.0	0.0	0.0	0.0	0.0	0.0	0.0	0.0	0.0	0.0	0.0	0.0	0.0	0.0	0.0	0.0	0.0	0.0	0.0	0.0	0.0	0.00177	0.0	0.00177	0.0	0.0	0.0	0.0	0.0	0.0	0.0	0.0	0.0	0.0	0.0	0.0	0.0	0.0	0.0	0.0	0.0	0.0	0.0	0.0	0.0	0.0	0.0	0.0	0.0	0.0	0.0	0.0	0.0	0.0	0.0	0.0	0.0	0.0	0.0	0.0	0.0	0.0	0.0	0.0	0.0	0.0	0.0	0.0	0.0	0.0	0.0	0.0	0.0	0.0	0.0	0.0	0.0	0.0	0.0	0.0	0.0	0.0	0.0	0.0	0.0	0.0	0.0	0.0	0.0	0.0	0.0	0.0	0.0	0.0	0.0	0.0	0.0	0.0	0.0	0.0	0.0	0.0	0.0	0.0	0.0	0.0	0.0	0.0	0.0	0.0	0.0	0.0	0.0	0.0	0.0	0.0	0.0	0.0	0.0	0.0	0.0	0.0	0.0	0.0	0.0	0.0	0.0	0.0	0.0	0.0	0.0	0.0	0.0	0.0	0.0	0.0	0.0	0.0	0.0	0.0	0.0	0.0	0.0	0.0	0.0	0.0	0.0	0.0	0.0	0.0	0.0	0.0	0.0	0.0	0.0	0.0	0.0	0.0	0.0	0.0	0.0	0.0	0.0	0.0	0.0	0.0	0.0	0.0	0.0	0.0	0.0	0.0	0.0	0.0	0.0	0.0	0.0	0.0	0.0	0.0	0.0	0.0	0.0	0.0	0.0	0.0	0.0	0.0	0.0	0.0	0.0	0.0	0.0	0.0	0.0	0.0	0.0	0.0	0.0	0.0	0.0	0.0	0.0	0.0	0.0	0.0	0.0	0.0	0.0	0.0	0.0	0.0	0.0	0.0	0.0	0.0	0.0	0.0	0.0	0.0	0.0	0.0	0.0	0.0	0.0	0.0	0.0	0.0	0.0	0.0	0.0	0.0	0.0	0.0	0.0	0.0	0.0	0.0	0.0	0.0	0.0	0.0	0.0	0.0	0.0	0.0	0.0	0.0	0.0	0.0	0.0	0.0	0.0	0.0	0.0	0.0	0.0	0.0	0.0	0.0	0.0	0.0	0.0	0.0	0.0	0.0	0.0	0.0	0.0	0.0	0.0	0.0	0.0	0.0	0.0	0.0	0.0	0.0	0.0
k__Bacteria|p__Proteobacteria	1.302	0.07319	0.13896	1.35278	1.40633	0.77692	0.00259	0.18538	0.04852	0.07739	0.99114	1.435	1.93092	3.01637	46.88592	0.28563	0.08059	0.0	0.69044	0.1676	0.26547	1.12847	9.66504	0.24242	0.36044	0.31802	0.70579	3.44767	1.10372	0.81236	1.23366	0.23342	0.74662	0.56473	1.93652	0.73039	2.38877	1.66921	1.22754	1.08959	0.04033	0.2734	0.31373	0.40402	0.21806	1.63394	1.97128	0.51381	0.32822	0.07008	0.05988	0.2825	3.62777	0.68051	4.5556	0.0	0.57618	0.04079	0.19935	0.03108	0.74166	0.0	0.17293	0.38471	1.67347	1.17483	0.0	3.4209	2.69214	0.25348	0.07467	0.86517	0.28209	0.74742	3.37624	0.0573	0.0	0.658	2.28478	0.58908	0.15545	0.80221	2.09859	0.31668	0.51739	1.05133	0.73914	0.91196	0.24632	0.03758	0.20012	0.02974	0.07398	0.04279	0.92863	0.09965	0.70921	0.15369	0.03854	0.11064	0.13146	0.03852	0.09644	0.07886	1.2303	0.12574	0.14432	2.23764	1.42192	0.02284	0.17984	0.3611	0.3648	0.55158	0.23282	0.12382	0.52339	1.26167	0.01181	0.07159	0.16676	0.0	1.11315	0.24268	0.0	0.01087	0.25031	2.31931	0.01818	0.02191	1.29653	0.02705	0.61873	1.05174	1.40827	1.28776	0.54039	1.10469	0.85056	12.03386	2.14693	0.62317	2.02094	0.07108	0.32739	3.36534	0.02571	0.0256	0.02413	0.0	4.01444	1.83844	3.64729	0.4173	0.20506	0.08336	0.21548	4.15539	0.74592	0.03001	0.04082	0.1744	0.20808	0.37605	2.3492	0.34111	0.73554	21.55933	0.20613	1.0512	1.17296	0.13311	0.0	0.1699	1.72898	0.09956	0.31329	0.02341	0.0	0.22625	0.41912	0.24907	0.20056	0.61357	13.44973	0.24807	3.81706	0.20675	13.47234	1.76316	0.6464	0.21007	0.15448	0.00797	0.12885	0.24109	0.0	1.06077	0.50158	0.01608	0.0873	0.22375	0.05619	2.24298	0.1353	0.18973	1.45622	1.64057	0.03409	0.00124	0.17078	1.09697	0.01387	0.01116	0.0	0.35442	0.04189	0.54403	0.13714	0.68956	0.04098	0.23165	18.93488	0.92261	0.05176	0.06796	0.5898	0.281	0.20813	0.29852	0.18428	0.68149	0.19285	1.6367	8.49785	0.0	0.07449	0.17538	0.09456	0.49298	0.07022	1.24274	0.13317	0.1663	0.44529	0.75134	0.05409	0.0387	0.12143	0.765	0.11134	0.44596	0.16283	0.02497	0.04631	0.18923	1.60128	0.26264	0.36893	0.20348	0.45031	1.48759	0.12912	0.02322	0.101	0.92207	0.57952	0.60816	0.69038	0.22607	0.08001	1.12747	0.57028	1.92844	0.26985	0.59316	0.11893	0.43255	0.00862	0.2081	0.0	0.13764	0.16991	0.26955	0.73768	0.00362	0.98609	0.42084	5.72692	4.99028	3.70039	2.19781	0.77333	0.44871	1.05574	0.25247	0.57587	0.35454	0.0351	0.3261	0.35386	0.33095	0.26228	3.48745	1.03929	2.47463	2.02086	0.00371	0.07176	0.0	1.2391	0.27823	0.11483	0.67748	0.07193	0.01831	0.17413	0.00418	2.86334	1.32967	0.1814	0.11456	0.02064	0.0	0.50933	0.13042	0.0102	3.36284	1.58696	0.314	1.88082	0.11235	0.05465	0.04786	2.07006	0.09952	0.21164	0.34903	0.4033	0.90413	1.22913	0.0	0.80041	0.0	0.48053	0.0	0.12256	0.01048	0.07759	0.74107	0.41835	0.24739	0.04767	2.65825	0.48463	0.60869	0.0	0.15523	0.00885	2.22806	0.98075	0.88845	1.09811	2.57259	1.97791	1.70772	0.13032	0.21478	0.08991	0.27687	0.06939	0.39255	1.28143	0.54752	2.06439	2.272	0.68604	3.73011	0.15817	0.19165	1.312	1.10002	23.86048	26.26904	0.13226	0.64563	0.43447	0.34699	0.47354	0.29667	0.05273	0.35442	0.44762	1.5208	1.61177	2.2099
k__Bacteria|p__Spirochaetes	0.0	0.0	0.0	0.0	0.0	0.0	0.0	0.0	0.0	0.0	0.0	0.0	0.0	0.0	0.0	0.0	0.0	0.0	0.0	0.0	0.0	0.0	0.0	0.0	0.0	0.0	0.0	0.0	0.0	0.0	0.0	0.0	0.0	0.0	0.0	0.0	0.0	0.0	0.0	0.0	0.0	0.0	0.0	0.0	0.0	0.0	0.0	0.0	0.0	0.0	0.0	0.0	0.0	0.0	5.23274	0.0	0.0	0.0	0.0	0.0	0.0	0.0	0.0	0.0	0.0	0.0	0.0	0.0	0.0	0.0	0.0	0.0	0.0	0.0	0.0	0.0	0.0	0.0	0.0	0.0	0.0	0.0	0.0	0.0	0.0	0.0	0.0	0.0	0.0	0.0	0.54525	0.0	0.0	0.0	0.0	0.0	0.0	0.0	0.0	0.0	0.0	0.0	0.0	0.0	0.0	0.0	0.0	0.0	0.0	0.0	0.0	0.0	0.0	0.0	0.0	0.0	0.0	0.0	0.0	0.0	0.0	0.0	0.0	0.0	5.38696	0.0	0.0	0.0	0.0	0.0	0.0	0.0	0.0	0.0	0.0	0.0	0.0	0.0	0.0	0.0	0.0	0.0	0.0	0.0	0.0	0.0	0.17716	1.51215	0.0	0.0	0.0	0.0	0.0	0.0	0.0	0.0	0.0	0.0	0.0	0.0	0.0	0.0	0.0	0.0	0.0	0.0	0.0	0.0	0.0	0.0	0.0	0.0	0.0	0.0	0.0	0.0	0.0	0.0	0.0	0.0	0.0	0.0	0.0	0.0	4.0628	0.0	0.0	8.61105	0.0	0.0	0.0	0.0	0.0	0.0	0.0	0.0	0.0	0.0	0.0	0.0	0.0	0.0	0.0	0.0	0.0	0.0	0.0	0.0	0.0	0.0	0.0	0.0	0.0	0.0	0.0	0.0	0.0	0.0	0.0	0.0	0.0	0.0	0.0	0.0	0.0	0.0	0.0	0.0	0.0	0.0	0.0	0.0	0.0	0.0	0.0	0.0	0.0	0.0	0.0	0.0	0.0	0.0	0.0	0.0	0.0	0.0	0.0	0.55743	3.70297	0.0	0.0	0.0	0.0	0.0	0.0	0.0	0.0	0.0	0.0	0.0	0.0	0.0	0.0	0.0	0.0	0.0	0.0	0.0	0.0	0.0	0.0	0.0	0.0	0.0	0.0	0.0	0.0	0.0	0.0	0.0	0.67233	0.0	0.0	0.0	0.0	0.0	0.0	0.0	0.0	0.0	0.0	0.0	0.0	0.0	0.0	0.0	0.0	0.0	0.0	0.0	0.0	0.0	0.0	0.0	0.0	0.0	0.0	0.0	0.0	0.0	0.0	0.0	0.0	0.0	0.0	0.0	0.0	0.0	0.0	0.0	0.0	0.0	0.0	0.0	0.0	0.0	0.0	0.0	0.0	0.0	0.0	0.0	0.0	0.0	0.0	0.0	0.0	0.0	0.0	0.0	0.0	0.0	0.0	0.0	0.0	0.0	0.0	0.0	0.0	0.0	0.0	0.0	0.0	0.0	0.0	0.0	0.0	0.0	0.0	0.0	0.0	0.0	0.0	0.0	0.0	0.0	0.0	0.0	0.0	0.0	0.0	0.0	0.0	0.0	0.0	0.0	0.0	0.0	0.0	0.0	0.0	0.0	0.0	0.0	0.0	0.0	0.0	0.0	0.0	0.0	0.0	0.0	0.0	0.0	0.0	0.0
k__Bacteria|p__Synergistetes	0.0	0.0	0.0	0.44356	0.0	0.0	0.0	0.0	0.00132	0.0	0.0	0.0	0.0	0.0	0.0	0.0	0.0	0.0	0.0	0.0	0.0	0.0	0.00643	0.0	0.0	0.0	0.0	0.0	0.0	0.0	0.0	0.00055	0.0	0.0	0.0	0.0	0.0	0.0	0.0	0.0	0.0	0.0	0.0	0.0092	0.00511	0.0	0.0	0.0	0.0	0.0	0.0	0.0	0.0	0.0	0.0	0.0	0.00362	0.0	0.0	0.0	0.0	0.0	0.0	0.0	0.0	0.0	0.0	0.0	0.0	0.0	0.0	0.0	0.0	0.0	0.0	0.0	0.0	0.0	0.0	0.0	0.0	0.0	0.0	0.0	0.0	0.0	0.0	0.0	0.0	0.0	0.0	0.0	0.0	0.0	0.0	0.0	0.0	0.0	0.0	0.00151	0.00085	0.0	0.0	0.0	0.01828	0.0	0.00149	0.0	0.0	0.0	0.00093	0.0	0.0	0.00972	0.00546	0.0	0.01369	0.0	0.0	0.0	0.0	0.0	0.0	0.00868	0.0	0.0	0.0	0.0	0.0	0.0	0.0	0.0	0.0	0.0	0.0	0.00312	0.0	0.0	0.03393	0.0	0.02311	0.0	0.00664	0.0011	0.00874	0.0	0.0	0.013	0.01057	0.0	0.0	0.0	0.0	0.0	0.0	0.0	0.0	0.126	0.0	0.0	0.09133	0.0	0.0	0.0	0.0	0.0	0.0	0.0	0.0	0.0	0.0	0.0	0.0	0.19887	0.0	0.0	0.00134	0.0	0.0	0.0	0.0	0.0	0.0	0.0	0.0	0.0	0.0	0.0	0.0	0.0	0.0	0.0	0.0	0.0	0.0	0.0	0.0	0.0	0.0	0.0	0.0	0.06981	0.0	0.0	0.0	0.0	0.0	0.00166	0.0	0.0	0.0	0.0	0.0	0.0	0.0	0.0	0.0	0.0	0.0	0.0	0.0	0.00219	0.0	0.0	0.0	0.0	0.0	0.0	0.00112	0.0	0.0	0.0	0.0	0.0	0.0	0.0	0.0	0.0	0.0	0.0	0.0	0.0	0.0	0.0	0.0	0.0	0.0	0.0	0.0	0.0	0.0	0.0	0.0	0.0	0.0	0.0	0.0	0.0	0.0	0.00468	0.0	0.0	0.0	0.0	0.0	0.0	0.0	0.00091	0.00056	0.0	0.001	0.0	0.0	0.0	0.0	0.0	0.0	0.0	0.0	0.00137	0.0	0.0	0.0	0.0	0.0	0.0	0.0	0.00085	0.0	0.0	0.0	0.0	0.20432	0.0	0.0	0.0	0.0	0.0	0.0	0.0	0.0	0.0	0.0	0.00481	0.0	0.0	0.0	0.0	0.0	0.0	0.0	0.0	0.0	0.0	0.0	0.0	0.0	0.0	0.0	0.01084	0.0	0.0	0.0	0.0	0.0	0.0	0.0	0.0	0.0	0.0	0.0	0.0	0.0	0.0	0.0	0.0	0.0	0.0	0.0	0.0	0.00158	0.0	0.0	0.0	0.0	0.0	0.0	0.0	0.0	0.0	0.00178	0.0	0.0	0.0	0.0	0.0	0.0	0.0	0.0	0.0	0.0	0.0	0.00125	0.0	0.0	0.0	0.0	0.0	0.0	0.0	0.0	0.0	0.0	0.0	0.0	0.0	0.0	0.0	0.0	0.0	0.0	0.0	0.0	0.0	0.0	0.0	0.0	0.0	0.0	0.0	0.0	0.0	0.0	0.0	0.09424	0.0
k__Bacteria|p__Tenericutes	0.0	0.0	0.0	0.0	0.0	0.0	0.0	0.0	0.0	0.0	0.0	0.0	0.0	0.0	0.0	0.0	0.0	0.0	0.0	0.0	0.0	0.0	0.0	0.0	0.0	0.0	0.0	0.0	0.0	0.0	0.0	0.0	0.0	0.0	0.0	0.0	0.0	0.0	0.0	0.0	0.0	0.0	0.0	0.0	0.0	0.0	0.0	0.0	0.0	0.0	0.0	0.0	0.0	0.0	0.0	0.0	0.0	0.0	0.0	0.0	0.0	0.0	0.0	0.0	0.0	0.0	0.0	0.0	0.0	0.0	0.0	0.0	0.0	0.0	0.0	0.0	0.0	0.0	0.0	0.0	0.0	0.0	0.0	0.0	0.0	0.0	0.0	0.0	0.0	0.0	0.0	0.0	0.0	0.0	0.0	0.0	0.0	0.0	0.0	0.0	0.0	0.0	0.0	0.0	0.0	0.0	0.0	0.0	0.0	0.0	0.0	0.0	0.0	0.0	0.0	0.0	0.0	0.0	0.0	0.0	0.0	0.0	0.0	0.0	0.0	0.0	0.0	0.0	0.0	0.0	0.0	0.0	0.0	0.0	0.0	0.0	0.0	0.0	0.00335	0.0	0.0	0.0	0.0	0.0	0.0	0.0	0.0	0.0	0.0	0.0	0.0	0.0	0.0	0.0	0.0	0.0	0.0	0.0	0.0	0.0	0.0	0.0	0.0	0.0	0.0	0.0	0.0	0.0	0.0	0.0	0.0	0.0	0.0	0.0	0.0	0.0	0.0	0.0	0.0	0.0	0.0	0.0	0.0	0.0	0.0	0.0	0.0	0.0	0.0	0.0	0.0	0.0	0.0	0.0	0.0	0.0	0.0	0.0	0.0	0.0	0.0	0.0	0.0	0.0	0.0	0.0	0.0	0.0	0.0	0.0	0.0	0.0	0.0	0.0	0.0	0.0	0.0	0.0	0.0	0.0	0.0	0.0	0.0	0.0	0.0	0.0	0.0	0.0	0.0	0.0	0.0	0.0	0.0	0.0	0.0	0.0	0.0	0.0	0.0	0.0	0.0	0.0	0.0	0.0	0.0	0.0	0.0	0.0	0.0	0.0	0.0	0.0	0.0	0.0	0.0	0.0	0.0	0.0	0.0	0.0	0.0	0.0	0.0	0.0	0.0	0.0	0.0	0.0	0.0	0.00096	0.0	0.0	0.0	0.0	0.0	0.0	0.0	0.0	0.0	0.0	0.0	0.0	0.0	0.0	0.0	0.0	0.0	0.0	0.0	0.0	0.0	0.0	0.0	0.0	0.0	0.0	0.0	0.0	0.0	0.0	0.0	0.0	0.0	0.0	0.0	0.0	0.0	0.0	0.0	0.0	0.0	0.0	0.0	0.0	0.0	0.0	0.0	0.0	0.0	0.0	0.0	0.0	0.0	0.0	0.0	0.0	0.0	0.0	0.0	0.0	0.0	0.0	0.0	0.0	0.0	0.0	0.0	0.0	0.0	0.0	0.0	0.0	0.0	0.0	0.0	0.0	0.0	0.0	0.0	0.0	0.0	0.0	0.0	0.0	0.0	0.0	0.0	0.0	0.0	0.0	0.0	0.0	0.0	0.0	0.0	0.0	0.0	0.0	0.0	0.0	0.0	0.0	0.0	0.0	0.0	0.0	0.0	0.0	0.0	0.0	0.0	0.0	0.0	0.0	0.0	0.0	0.0	0.0	0.0	0.0	0.0	0.0	0.0	0.0	0.0	0.0
k__Bacteria|p__Verrucomicrobia	0.7821	0.152	0.0	6.88792	0.21273	0.06289	0.00141	1.54749	0.0	0.0	0.0	0.0	0.0	0.0	0.0	0.0	0.04308	0.0	0.02544	0.03568	0.0	0.0	0.0	0.0	0.0	3.84516	0.0	0.0	0.74335	0.51207	0.09125	2.75502	0.96152	0.65099	0.0	0.03711	0.0	0.40793	0.11127	0.02538	0.0	0.03081	0.89057	0.03351	0.03244	0.0	0.0	1.12117	0.36023	0.0	0.0	0.0	0.0	0.0	0.6578	0.01924	0.77081	0.0	0.0287	0.0	0.0	0.0	0.97756	0.0	0.99039	0.0	0.00197	0.0	0.85403	0.0	0.0	0.0	0.00402	0.00527	0.0	0.02339	0.0	4.60222	1.39633	0.0	2.07292	0.0078	0.18499	0.01704	0.04084	0.21683	0.0	0.0	0.0	0.0	0.11027	0.0	0.2176	0.0	0.0	0.0	5.89768	0.0	0.0	0.00072	0.0	0.0	0.01713	0.0	1.03324	5.608	0.0143	0.59378	0.0	0.0	0.03563	2.19696	0.0	0.0	0.13521	0.00109	1.15976	0.0	0.0	0.11744	0.54641	7.12069	0.0	0.0	0.0	0.16416	0.0	0.95453	0.00824	0.04312	0.0	0.0	0.36285	1.73624	0.6881	0.0	1.5031	2.4208	10.05799	0.07541	0.0	0.0	0.11026	0.0	0.01212	0.0	0.18013	11.00991	0.00664	0.0	0.0	0.0	0.0	0.06423	0.0	0.0	0.0	0.0	0.0	0.0	0.01063	0.03695	0.0	0.0	0.04902	1.10993	0.02149	0.0	0.0	0.0796	0.0	11.38785	0.35052	0.03681	0.06848	0.66814	0.96774	0.0	0.0	5.25374	0.05937	0.62409	0.0	0.00167	0.0	0.0	0.01581	0.113	0.50679	0.0	0.2317	0.0	0.16419	0.01318	0.0	0.0	0.0	0.0	0.0	0.0	0.0	0.0	0.0	1.36861	0.0	0.0	0.0	0.0	0.0	0.92199	0.0	0.2594	0.15751	0.25336	0.25415	0.0	0.0	0.0	0.3255	6.20701	0.0	0.03023	0.0	0.0136	0.0	0.09077	0.0	0.00234	0.0	2.71076	0.59096	0.0	0.01905	0.0	0.0	0.09742	0.0	0.0	0.61963	0.0	0.0	5.44616	0.41277	7.92216	0.05437	0.0	0.26295	0.02393	0.0	0.0	0.13866	0.21715	0.0	0.0	0.0	0.4008	0.0	0.11276	0.40079	1.56143	0.0	0.0	0.0	0.0	0.0	0.0	0.57532	0.0	0.0	0.26766	0.0	0.07452	1.14244	0.0	0.93085	0.70597	0.0	0.43616	2.5622	5.75626	0.73765	0.0	0.0	1.22536	0.0	0.13116	0.0	0.00391	0.6015	0.77785	0.00127	0.0	5.56941	0.0	0.95917	0.0	0.25222	4.82579	0.0	0.0	0.02129	3.60318	2.27673	6.08544	0.0	0.0	0.57503	0.0	1.02168	0.0	0.0	0.01346	0.02791	0.00581	0.09816	0.0	0.0	0.0	0.06764	0.01977	1.26426	0.36831	1.09148	2.92832	1.52445	0.0855	0.00019	0.0	0.0099	0.00657	1.01203	0.0	0.0	0.0	0.0	0.0	0.1643	0.0	0.0	0.0	0.0	0.0	4.04881	0.0	0.0	0.0	0.0	0.0	0.0	0.0	0.0	0.0	0.0	0.0	0.0	0.0	0.0	0.0	0.0	1.8505	0.0	0.0	0.0	0.0	0.0	0.0	1.78227	3.83192	1.06303	0.0	0.0	0.0	0.0	0.23883	0.0	0.0	0.0	0.0	0.14958	0.0	0.56307	0.21219	0.0	0.0	0.0	0.0	0.2227	0.43928	0.0	3.29673	0.0	0.14504	0.0	0.0	4.91772	0.01397
k__Eukaryota|p__Ascomycota	0.0	0.0	0.0	0.0	0.0	0.0	0.0	0.0	0.0	0.0	0.0	0.0	0.0	0.0	0.24618	0.0	0.0	0.0	0.0	0.0	0.0	0.0	0.0	0.0	0.0	0.0	0.0	0.0	0.0	0.0	0.0	0.0	0.0	0.0	0.0	0.0	0.0	0.0	0.0	0.0	0.0	0.0	0.0	0.0	0.0	0.0	0.0	0.0	0.0	0.0	0.0	0.0	0.0	0.0	0.0	0.0	0.0	0.0	0.0	0.0	0.0	0.0	0.0	0.0	0.0	0.0	0.0	0.0	0.0	0.0	0.0	0.00904	0.0	0.0	0.0	0.0	0.0	0.0	0.0	0.0	0.0	0.0	0.0	0.0	0.0	0.0	0.0	0.0	0.0	0.0	0.0	0.0	0.0	0.0	0.0	0.0	0.0	0.0	0.0	0.0	0.00619	0.0	0.0	0.0	0.0	0.0	0.0	0.00287	0.00072	0.00324	0.0	0.0	0.0	0.0	0.0	0.0	0.0	0.0	0.0	0.0	0.0	0.0	0.0	0.0	0.0	0.0	0.0	0.0	0.0	0.0	0.0	0.0	0.0	0.0	0.0	0.0	0.0	0.0	0.0	0.0	0.0	0.0	0.0	0.0	0.0	0.0	0.0	0.0	0.0	0.0	0.0	0.0	0.0	0.0	0.0	0.0	0.0	0.0	0.0	0.0	0.0	0.0	0.0	0.0	0.0	0.0	0.0	0.0	0.0	0.0	0.0	0.0	0.0	0.0	0.0	0.0	0.0	0.0	0.0	0.0	0.0	0.0	0.0	0.0	0.0	0.0	0.0	0.0	0.0	0.0	0.0	0.0	0.0	0.0	0.0	0.0	0.0	0.0	0.0	0.0	0.0	0.0	0.0	0.0	0.0	0.0	0.0	0.0	0.0	0.0	0.0	0.0	0.0	0.0	0.0	0.0	0.0	0.0	0.0	0.0	0.0	0.0	0.0	0.0	0.0	0.0	0.0	0.0	0.0	0.0	0.0	0.0	0.0	0.0	0.0	0.0	0.0	0.0	0.0	0.0	0.0	0.0	0.0	0.0	0.0	0.0	0.0	0.0	0.0	0.0	0.0	0.0	0.0	0.0	0.0	0.0	0.0	0.0	0.0	0.0	0.0	0.0	0.0	0.0	0.0	0.0	0.0	0.0	0.0	0.0	0.0	0.0	0.0	0.0	0.0	0.0	0.0	0.0	0.0	0.0	0.0	0.0	0.0	0.0	0.0	0.0	0.0	0.0	0.0	0.0	0.0	0.0	0.0	0.0	0.0	0.0	0.0	0.0	0.0	0.0	0.0	0.0	0.0	0.0	0.0	0.0	0.0	0.0	0.0	0.0	0.0	0.0	0.0	0.0	0.0	0.0	0.0	0.0	0.0	0.0	0.0	0.0	0.0	0.0	0.0	0.0	0.0	0.0	0.0	0.0	0.0	0.0	0.0	0.0	0.0	0.0	0.0	0.0	0.00839	0.0	0.0	0.0	0.0	0.0	0.0	0.0	0.0	0.0	0.0	0.0	0.0	0.0	0.0	0.0	0.0	0.0	0.0	0.0	0.0	0.0	0.0	0.0	0.0	0.0	0.0	0.0	0.0	0.0	0.0	0.0	0.0	0.0	0.0	0.0	0.0	0.0	0.0	0.0	0.0	0.0	0.0	0.00745	0.0	0.0	0.0	0.0	0.0	0.0	0.0	0.0	0.00453	0.0	0.0	0.0	0.0	0.0
k__Eukaryota|p__Eukaryota_unclassified	0.0	0.0	0.0	0.0	0.0	0.10436	0.0	0.0	0.0	0.0	0.0	0.0	0.0	0.0	0.0	0.0	0.0	0.0	0.0	0.0	0.0	0.0	0.0	0.0	0.0	0.0	0.0	0.0	0.0	0.0	0.0	0.0	0.0	0.0	0.0	0.0	0.0	0.0	0.0	0.0	0.0	0.0	0.0	0.0	0.0	0.0	0.0	0.0	0.0	0.0	0.0	0.0	0.0	0.0	0.0	0.0	0.0	0.0	0.0	0.0	0.0	0.0	0.25353	0.0	0.0	0.0	0.0	0.0	0.0	0.0	0.0	0.0	0.0	0.0	0.0	0.0	0.0	0.0	0.0	0.0	0.0	0.0	0.0	0.0	0.0	0.0	0.0	0.0	0.0	0.0	0.0	0.0	0.0	0.0	0.0	0.0	0.0	0.0	0.0	0.0	0.0	0.0	0.0	0.0	0.0	0.0	0.0	0.0	0.0	0.0	0.0	0.0	0.0	0.0	0.18403	0.0	0.0	0.0	0.0	0.0	0.0	0.0	0.0	0.0	0.0	0.0	0.0	0.0	0.0	0.0	0.0	0.0211	0.0	0.0	0.0	0.0	0.0	0.0	0.0	0.0	0.0	0.0	0.0	0.0	0.0	0.0	0.0	0.0	0.0	0.0	0.0	0.0	0.0	0.0	0.0	0.0	0.0	0.0	0.03963	0.0	0.0	0.0	0.0	0.0	0.0	0.0	0.0	0.0	0.0	0.0	0.0	0.0	0.0	0.0	0.0	0.0	0.0	0.0	0.0	0.0	0.0	0.0	0.0	0.0	0.0	0.0	0.0	0.0	0.0	0.00256	0.0	0.00052	0.0	0.08754	0.0	0.0	0.0	0.0	0.0	0.0	0.0	0.0	0.0	0.0	0.0	0.0	0.0	0.0	0.0	0.0	0.0	0.0	0.0	0.0	0.0	0.0	0.0	0.0	0.0	0.0	0.0	0.0	0.0	0.0	0.0	0.0	0.0	0.0	0.0	0.0	0.0	0.0	0.0	0.0	0.0	0.0	0.0	0.0	0.0	0.0	0.0	0.0	0.0	0.0	0.0	0.0	0.37407	0.0	0.0	0.0	0.0	0.0	0.0	0.0	0.0	0.0	0.0	0.0	0.0	0.0	0.0	0.0	0.0	0.0	0.0	0.0	0.0	0.0	0.0	0.0	0.0	0.0	0.0	0.0	0.0	0.0	0.0	0.0	0.0	0.00339	0.0	0.0	0.0	0.0	0.0	0.0	0.0	0.0	0.0	0.0	0.0	0.0	0.0	0.0	0.0	0.06435	0.22542	0.4878	0.0	0.0	0.0	0.0	0.0	0.0	0.0	0.0	0.0	0.0	0.0	0.0	0.0	0.0	0.0	0.0	0.0	0.0	0.0	0.0	0.0	0.36715	0.0	0.0	0.0	0.0	0.0	0.0	0.0	0.0	0.0	0.0	0.0	0.0	0.0	0.0	0.0	0.0	0.0	0.0	0.0	0.0	0.0	0.0	0.0	0.0	0.0	0.0	0.0	0.0	0.0	0.0	0.0	0.0	0.0	0.0	0.0	0.0	0.0	0.0	0.0	0.0	0.0	0.0	0.0	0.0	0.0	0.0	0.0	0.0	0.0	0.0	0.0	0.0	0.0	0.0	0.0	0.0	0.0	0.0	0.0	0.0	0.0	0.0	0.0	0.0	0.0	0.0	0.0	0.0	0.35728	0.48633	0.0	0.0	0.0	0.0	0.0	0.0
