sample	group	taxonomy_level	alpha_diversity
ERR911953	D006262	kingdom	0.0009115335041582
ERR911953	D006262	phylum	0.912654239395849
ERR911953	D006262	class	1.04581664741012
ERR911953	D006262	order	1.65760349958977
ERR911953	D006262	family	2.33287967854043
ERR911953	D006262	genus	3.83097867706799
ERR911953	D006262	species	5.03793875856738
ERR911954	D001249	kingdom	0.0818438888618092
ERR911954	D001249	phylum	1.3285125462074
ERR911954	D001249	class	1.57470868362524
ERR911954	D001249	order	2.04202718466075
ERR911954	D001249	family	2.78561314923598
ERR911954	D001249	genus	4.04778747370479
ERR911954	D001249	species	5.0675879318426
ERR911955	D006262	kingdom	0.0026217768585514
ERR911955	D006262	phylum	0.865047505238325
ERR911955	D006262	class	0.920542022691603
ERR911955	D006262	order	1.21637664811418
ERR911955	D006262	family	2.21955301758929
ERR911955	D006262	genus	3.24938193077663
ERR911955	D006262	species	4.60442139518025
ERR911956	D006262	kingdom	0.000950502154922
ERR911956	D006262	phylum	0.928935506008196
ERR911956	D006262	class	1.03663268926427
ERR911956	D006262	order	1.54574551471419
ERR911956	D006262	family	2.28313081188154
ERR911956	D006262	genus	3.77189345586754
ERR911956	D006262	species	5.16011472287125
ERR911957	D006262	kingdom	0.0023959852012387
ERR911957	D006262	phylum	1.13971382961747
ERR911957	D006262	class	1.1915320086592
ERR911957	D006262	order	1.58976111769806
ERR911957	D006262	family	2.39288763849611
ERR911957	D006262	genus	3.41374939999894
ERR911957	D006262	species	4.65845969554988
ERR911958	D001249	kingdom	0.037326685997231
ERR911958	D001249	phylum	1.3612291479298
ERR911958	D001249	class	1.65629519440066
ERR911958	D001249	order	2.2880149909909
ERR911958	D001249	family	2.80390614168765
ERR911958	D001249	genus	4.24703230332978
ERR911958	D001249	species	5.18622110407225
ERR911959	D006262	kingdom	0.0007908270221235
ERR911959	D006262	phylum	1.0394766867261
ERR911959	D006262	class	1.17553858226412
ERR911959	D006262	order	1.52187628531382
ERR911959	D006262	family	2.30015778872058
ERR911959	D006262	genus	3.25268714095554
ERR911959	D006262	species	4.3382512598322
ERR911960	D006262	kingdom	0.0009836266370078
ERR911960	D006262	phylum	1.13542575496647
ERR911960	D006262	class	1.27251986173579
ERR911960	D006262	order	1.60806735162555
ERR911960	D006262	family	2.45408564797368
ERR911960	D006262	genus	3.40446376789247
ERR911960	D006262	species	4.81808356796595
ERR911961	D006262	kingdom	0.0003077195975767
ERR911961	D006262	phylum	1.17170582601137
ERR911961	D006262	class	1.49462720949547
ERR911961	D006262	order	1.92685141697032
ERR911961	D006262	family	2.62462523382069
ERR911961	D006262	genus	3.79546461334604
ERR911961	D006262	species	4.77384149005118
ERR911962	D001249	kingdom	0.000509760115268
ERR911962	D001249	phylum	0.691536921097764
ERR911962	D001249	class	0.713355502480959
ERR911962	D001249	order	0.90195885309744
ERR911962	D001249	family	1.71300856856766
ERR911962	D001249	genus	2.21737144947704
ERR911962	D001249	species	3.55346875534386
ERR911963	D006262	kingdom	0.0229889414974275
ERR911963	D006262	phylum	1.10264148054674
ERR911963	D006262	class	1.41747062138574
ERR911963	D006262	order	1.83873957537546
ERR911963	D006262	family	2.81601609045763
ERR911963	D006262	genus	4.18990096716844
ERR911963	D006262	species	5.28653142332264
ERR911964	D006262	kingdom	0.0183745860559351
ERR911964	D006262	phylum	1.23604327492414
ERR911964	D006262	class	1.41445934293986
ERR911964	D006262	order	1.96456879931574
ERR911964	D006262	family	2.69818572120206
ERR911964	D006262	genus	4.31948865672599
ERR911964	D006262	species	5.51830362342392
ERR911965	D001249	kingdom	0.0021660340085724
ERR911965	D001249	phylum	0.697890161851623
ERR911965	D001249	class	0.711236561444935
ERR911965	D001249	order	0.902213484346547
ERR911965	D001249	family	1.48383977646814
ERR911965	D001249	genus	2.37534807901977
ERR911965	D001249	species	3.95546867348498
ERR911966	D006262	kingdom	0.0409778335827741
ERR911966	D006262	phylum	0.992434056670282
ERR911966	D006262	class	1.06451794004274
ERR911966	D006262	order	1.48950713678784
ERR911966	D006262	family	2.52609164906194
ERR911966	D006262	genus	3.85267662572429
ERR911966	D006262	species	5.10109147238111
ERR911967	D006262	kingdom	0.0013088365547504
ERR911967	D006262	phylum	1.17149083159501
ERR911967	D006262	class	1.23587280863669
ERR911967	D006262	order	1.55198150288246
ERR911967	D006262	family	2.21830860876282
ERR911967	D006262	genus	3.26114636464362
ERR911967	D006262	species	4.51521709111389
ERR911968	D006262	kingdom	0.0016975122264249
ERR911968	D006262	phylum	1.0068049870885
ERR911968	D006262	class	1.16576046718035
ERR911968	D006262	order	1.62365686958725
ERR911968	D006262	family	2.33706946978654
ERR911968	D006262	genus	3.67351979071321
ERR911968	D006262	species	4.88499588560565
ERR911969	D006262	kingdom	0.0036523659509175
ERR911969	D006262	phylum	1.06310151092508
ERR911969	D006262	class	1.15577424255699
ERR911969	D006262	order	1.68640530832375
ERR911969	D006262	family	2.46970062492582
ERR911969	D006262	genus	4.01366393504142
ERR911969	D006262	species	5.26298256462943
ERR911970	D001249	kingdom	0.0307356333437091
ERR911970	D001249	phylum	0.66632183229663
ERR911970	D001249	class	0.68749362552299
ERR911970	D001249	order	0.867955361411434
ERR911970	D001249	family	1.51637937229184
ERR911970	D001249	genus	2.44224272911081
ERR911970	D001249	species	4.12668994611239
ERR911971	D006262	kingdom	0.0007028241224937
ERR911971	D006262	phylum	0.806423686426735
ERR911971	D006262	class	0.928216135359652
ERR911971	D006262	order	1.16886941462885
ERR911971	D006262	family	2.0163631458511
ERR911971	D006262	genus	2.96482072038489
ERR911971	D006262	species	4.55613693953528
ERR911972	D001249	kingdom	0.0008124745396548
ERR911972	D001249	phylum	1.06790667570157
ERR911972	D001249	class	1.1218186585968
ERR911972	D001249	order	1.5232564891636
ERR911972	D001249	family	2.11464899230827
ERR911972	D001249	genus	3.48788895036605
ERR911972	D001249	species	4.6800394852645
ERR911973	D006262	kingdom	0.0024966660583718
ERR911973	D006262	phylum	1.32249073182816
ERR911973	D006262	class	1.44157957793055
ERR911973	D006262	order	1.82019327492233
ERR911973	D006262	family	2.24646680286129
ERR911973	D006262	genus	3.66389019689315
ERR911973	D006262	species	4.79905749266305
ERR911974	D006262	kingdom	0.0257830503179761
ERR911974	D006262	phylum	0.967375877502462
ERR911974	D006262	class	1.10419540460921
ERR911974	D006262	order	1.60675498015052
ERR911974	D006262	family	2.19771783097579
ERR911974	D006262	genus	3.82293405959511
ERR911974	D006262	species	5.02348122921725
ERR911975	D006262	kingdom	0.0032200491724482
ERR911975	D006262	phylum	1.14187964377752
ERR911975	D006262	class	1.21801766911267
ERR911975	D006262	order	1.64667081361145
ERR911975	D006262	family	2.3031354441164
ERR911975	D006262	genus	3.87026225040632
ERR911975	D006262	species	5.07769673771282
ERR911976	D001249	kingdom	0.0007858531370664
ERR911976	D001249	phylum	1.21252181396459
ERR911976	D001249	class	1.3744630381588
ERR911976	D001249	order	1.96126128452059
ERR911976	D001249	family	2.83475080348278
ERR911976	D001249	genus	4.14061212444186
ERR911976	D001249	species	5.23537871280328
ERR911977	D006262	kingdom	0.0080481532089888
ERR911977	D006262	phylum	0.897375793541736
ERR911977	D006262	class	1.11472972833809
ERR911977	D006262	order	1.43924413908395
ERR911977	D006262	family	2.18517350312561
ERR911977	D006262	genus	3.15035683689513
ERR911977	D006262	species	4.20085149970279
ERR911978	D001249	kingdom	0.0004568824518076
ERR911978	D001249	phylum	1.28575333657562
ERR911978	D001249	class	1.42609939469659
ERR911978	D001249	order	1.70170740402086
ERR911978	D001249	family	2.3550613175737
ERR911978	D001249	genus	3.26801333540847
ERR911978	D001249	species	4.25227789365902
ERR911979	D001249	kingdom	0.0013029276084027
ERR911979	D001249	phylum	0.762809001194818
ERR911979	D001249	class	0.82910981209625
ERR911979	D001249	order	1.39949242387167
ERR911979	D001249	family	1.74458230601784
ERR911979	D001249	genus	3.46294336339763
ERR911979	D001249	species	4.51321505325831
ERR911980	D006262	kingdom	0.0081700922459282
ERR911980	D006262	phylum	0.956433214362119
ERR911980	D006262	class	1.12365036803053
ERR911980	D006262	order	1.39659209354835
ERR911980	D006262	family	2.18223677905002
ERR911980	D006262	genus	3.39407948936014
ERR911980	D006262	species	4.77814325315532
ERR911981	D006262	kingdom	0.0008310259514998
ERR911981	D006262	phylum	1.17286179401036
ERR911981	D006262	class	1.40434778688196
ERR911981	D006262	order	1.90316244199551
ERR911981	D006262	family	2.50816262202184
ERR911981	D006262	genus	4.03591120298946
ERR911981	D006262	species	5.50203351328083
ERR911982	D006262	kingdom	0.0030394759512525
ERR911982	D006262	phylum	1.01376049499397
ERR911982	D006262	class	1.1891335411829
ERR911982	D006262	order	1.67889887207265
ERR911982	D006262	family	2.26665643031033
ERR911982	D006262	genus	3.97576899077333
ERR911982	D006262	species	5.1073598718754
ERR911983	D006262	kingdom	0.0091009505984018
ERR911983	D006262	phylum	1.11767488207865
ERR911983	D006262	class	1.48930285389562
ERR911983	D006262	order	2.04071822976673
ERR911983	D006262	family	2.91765413494864
ERR911983	D006262	genus	4.51870862625875
ERR911983	D006262	species	5.44914989679178
ERR911984	D006262	kingdom	0.0005671570979091
ERR911984	D006262	phylum	0.976242289298129
ERR911984	D006262	class	1.0817074291446
ERR911984	D006262	order	1.44063971537989
ERR911984	D006262	family	2.18816893733359
ERR911984	D006262	genus	3.66736024639375
ERR911984	D006262	species	5.19446147591145
ERR911985	D006262	kingdom	0.0019401774407108
ERR911985	D006262	phylum	1.06373113680777
ERR911985	D006262	class	1.34049409322671
ERR911985	D006262	order	1.78740468000872
ERR911985	D006262	family	2.75449103527069
ERR911985	D006262	genus	3.96893197794596
ERR911985	D006262	species	5.01767727178794
ERR911986	D006262	kingdom	0.0065912919924224
ERR911986	D006262	phylum	0.882510664394712
ERR911986	D006262	class	1.02399582642303
ERR911986	D006262	order	1.30124711184749
ERR911986	D006262	family	2.08383967764387
ERR911986	D006262	genus	3.11495933971065
ERR911986	D006262	species	4.29691482261876
ERR911987	D006262	kingdom	0.015496733809912
ERR911987	D006262	phylum	1.01794801314397
ERR911987	D006262	class	1.38663879024678
ERR911987	D006262	order	1.96627581450661
ERR911987	D006262	family	2.67966752399401
ERR911987	D006262	genus	4.33202150016647
ERR911987	D006262	species	5.4495979805412
ERR911988	D001249	kingdom	0.000606648671154
ERR911988	D001249	phylum	1.28928809918854
ERR911988	D001249	class	1.51483018223137
ERR911988	D001249	order	2.0458941142035
ERR911988	D001249	family	2.84524101520595
ERR911988	D001249	genus	4.01875192100663
ERR911988	D001249	species	5.17227408561205
ERR911989	D006262	kingdom	0.123596087751619
ERR911989	D006262	phylum	1.31224165376806
ERR911989	D006262	class	1.56956093169737
ERR911989	D006262	order	2.09653467423104
ERR911989	D006262	family	2.95628988472157
ERR911989	D006262	genus	4.27039897801282
ERR911989	D006262	species	5.40033492489579
ERR911990	D001249	kingdom	0.0460591231389727
ERR911990	D001249	phylum	1.35721852167905
ERR911990	D001249	class	1.52546173700155
ERR911990	D001249	order	1.95841368848432
ERR911990	D001249	family	2.65203066163311
ERR911990	D001249	genus	3.9020862706344
ERR911990	D001249	species	5.10484021662618
ERR911991	D006262	kingdom	0.0331386550804263
ERR911991	D006262	phylum	0.97707527344681
ERR911991	D006262	class	1.04582351589621
ERR911991	D006262	order	1.39946963471203
ERR911991	D006262	family	2.21231109079838
ERR911991	D006262	genus	3.44398611990146
ERR911991	D006262	species	4.78765243239079
ERR911992	D001249	kingdom	0.0005515187563182
ERR911992	D001249	phylum	1.20039704626394
ERR911992	D001249	class	1.34018292284644
ERR911992	D001249	order	1.86059518672484
ERR911992	D001249	family	2.413483980931
ERR911992	D001249	genus	3.52231941016949
ERR911992	D001249	species	4.43456752149668
ERR911993	D001249	kingdom	0.0088466526417122
ERR911993	D001249	phylum	1.12655046788581
ERR911993	D001249	class	1.25449119698758
ERR911993	D001249	order	1.65980459063202
ERR911993	D001249	family	2.67265936611469
ERR911993	D001249	genus	4.00238619527101
ERR911993	D001249	species	5.21989655324553
ERR911994	D006262	kingdom	0.0063404091751489
ERR911994	D006262	phylum	0.94446904424866
ERR911994	D006262	class	1.03517047266014
ERR911994	D006262	order	1.66706097336103
ERR911994	D006262	family	2.40908452915214
ERR911994	D006262	genus	3.68793459033074
ERR911994	D006262	species	4.8380161866943
ERR911995	D006262	kingdom	0.010618814713319
ERR911995	D006262	phylum	1.00064724421783
ERR911995	D006262	class	1.20573873031076
ERR911995	D006262	order	1.68032220291887
ERR911995	D006262	family	2.76672897762545
ERR911995	D006262	genus	4.12790686123101
ERR911995	D006262	species	5.25833983819932
ERR911996	D001249	kingdom	0.0175730556239079
ERR911996	D001249	phylum	0.968741211282157
ERR911996	D001249	class	1.07487584168096
ERR911996	D001249	order	1.43942069829458
ERR911996	D001249	family	2.3724343088398
ERR911996	D001249	genus	3.42394666494015
ERR911996	D001249	species	4.64970800008208
ERR911997	D001249	kingdom	0.0169519076293787
ERR911997	D001249	phylum	1.01684986647299
ERR911997	D001249	class	1.21399660698749
ERR911997	D001249	order	1.61146802507086
ERR911997	D001249	family	2.52304722939265
ERR911997	D001249	genus	3.63791615962042
ERR911997	D001249	species	4.8330694804923
ERR911998	D006262	kingdom	0.022963495092941
ERR911998	D006262	phylum	1.07451720376116
ERR911998	D006262	class	1.37416628364483
ERR911998	D006262	order	1.81048933052339
ERR911998	D006262	family	2.75252096449998
ERR911998	D006262	genus	4.31188120443975
ERR911998	D006262	species	5.48400299285614
ERR911999	D006262	kingdom	0.0769568187713081
ERR911999	D006262	phylum	1.63402077386465
ERR911999	D006262	class	1.84229721069995
ERR911999	D006262	order	2.23285758881711
ERR911999	D006262	family	2.92261677522293
ERR911999	D006262	genus	3.84252748858307
ERR911999	D006262	species	4.87421228736327
ERR912000	D006262	kingdom	0.0009541874509094
ERR912000	D006262	phylum	0.947602875080066
ERR912000	D006262	class	1.08104821680137
ERR912000	D006262	order	1.42110830282487
ERR912000	D006262	family	2.34904655114642
ERR912000	D006262	genus	3.61028095499152
ERR912000	D006262	species	4.93621470601559
ERR912001	D006262	kingdom	0.0076018383597493
ERR912001	D006262	phylum	1.30227187289064
ERR912001	D006262	class	1.34531787450084
ERR912001	D006262	order	1.61030398020755
ERR912001	D006262	family	2.14003393766889
ERR912001	D006262	genus	3.05708187189284
ERR912001	D006262	species	4.65112766868306
ERR912002	D006262	kingdom	0.0009059556954831
ERR912002	D006262	phylum	0.941029714936301
ERR912002	D006262	class	0.978561337746164
ERR912002	D006262	order	1.32684943635419
ERR912002	D006262	family	1.90584623654721
ERR912002	D006262	genus	3.15440755855458
ERR912002	D006262	species	4.73169896578589
ERR912003	D006262	kingdom	0.0027272583366286
ERR912003	D006262	phylum	1.02677544951873
ERR912003	D006262	class	1.1598940544774
ERR912003	D006262	order	1.62522415174087
ERR912003	D006262	family	2.30827807395722
ERR912003	D006262	genus	3.67403484841958
ERR912003	D006262	species	5.07095768315137
ERR912004	D001249	kingdom	0.0035175604792737
ERR912004	D001249	phylum	1.07806478912704
ERR912004	D001249	class	1.1574804878908
ERR912004	D001249	order	1.57588518559177
ERR912004	D001249	family	2.07358313312836
ERR912004	D001249	genus	3.70751661010134
ERR912004	D001249	species	5.0588535329298
ERR912005	D006262	kingdom	0.0323702151114776
ERR912005	D006262	phylum	0.92653101206844
ERR912005	D006262	class	1.01915916316845
ERR912005	D006262	order	1.28468088968478
ERR912005	D006262	family	2.30639475946727
ERR912005	D006262	genus	3.31869648653129
ERR912005	D006262	species	4.66276203670116
ERR912006	D006262	kingdom	0.0004584282483807
ERR912006	D006262	phylum	0.872440558906567
ERR912006	D006262	class	0.926411654402567
ERR912006	D006262	order	1.26234952215011
ERR912006	D006262	family	1.85965023256524
ERR912006	D006262	genus	3.0112102837816
ERR912006	D006262	species	4.3808761348042
ERR912007	D006262	kingdom	0.0008874272866325
ERR912007	D006262	phylum	1.18391800498081
ERR912007	D006262	class	1.38953467477149
ERR912007	D006262	order	1.83484490055961
ERR912007	D006262	family	2.699340298304
ERR912007	D006262	genus	3.82579526436553
ERR912007	D006262	species	5.0551786576334
ERR912008	D006262	kingdom	0.0011783090850572
ERR912008	D006262	phylum	0.892141965360809
ERR912008	D006262	class	1.00343392674263
ERR912008	D006262	order	1.31376953000315
ERR912008	D006262	family	2.28842987042612
ERR912008	D006262	genus	3.46668066623984
ERR912008	D006262	species	4.37806852448832
ERR912009	D006262	kingdom	0.0021221036523113
ERR912009	D006262	phylum	0.710645776966221
ERR912009	D006262	class	0.885888745400476
ERR912009	D006262	order	1.56665590545399
ERR912009	D006262	family	2.12249712444564
ERR912009	D006262	genus	3.81343493802162
ERR912009	D006262	species	4.94103272234198
ERR912010	D006262	kingdom	0.055915154606683
ERR912010	D006262	phylum	0.93883995305876
ERR912010	D006262	class	1.0345738371759
ERR912010	D006262	order	1.80396886928075
ERR912010	D006262	family	2.39676357669059
ERR912010	D006262	genus	4.06398955399654
ERR912010	D006262	species	5.22512614420204
ERR912011	D006262	kingdom	0.0367890119615428
ERR912011	D006262	phylum	1.07303503344488
ERR912011	D006262	class	1.19075242983664
ERR912011	D006262	order	1.83630881827648
ERR912011	D006262	family	2.57909929988081
ERR912011	D006262	genus	4.10939825109045
ERR912011	D006262	species	5.3252315646634
ERR912012	D006262	kingdom	0.0243481617631418
ERR912012	D006262	phylum	1.23899582882073
ERR912012	D006262	class	1.44935805439774
ERR912012	D006262	order	1.96442902754391
ERR912012	D006262	family	2.69846214857446
ERR912012	D006262	genus	4.03476494644469
ERR912012	D006262	species	5.20403842238192
ERR912013	D006262	kingdom	0.0208746791980838
ERR912013	D006262	phylum	1.13028600248211
ERR912013	D006262	class	1.52122213484654
ERR912013	D006262	order	1.91968716548757
ERR912013	D006262	family	2.80089043768436
ERR912013	D006262	genus	4.16821080003201
ERR912013	D006262	species	5.10969585789466
ERR912014	D006262	kingdom	0.000816805933428
ERR912014	D006262	phylum	1.1652234558142
ERR912014	D006262	class	1.29112893454551
ERR912014	D006262	order	1.77186675230278
ERR912014	D006262	family	2.54768502681759
ERR912014	D006262	genus	3.78198501803825
ERR912014	D006262	species	5.04803352582328
ERR912015	D006262	kingdom	0.0279403109691172
ERR912015	D006262	phylum	1.02982604307569
ERR912015	D006262	class	1.28829716924655
ERR912015	D006262	order	1.77970209398051
ERR912015	D006262	family	2.60897504087322
ERR912015	D006262	genus	4.07061582800735
ERR912015	D006262	species	5.17880590573202
ERR912016	D006262	kingdom	0.0014392802190478
ERR912016	D006262	phylum	0.953044650419508
ERR912016	D006262	class	1.21739991215834
ERR912016	D006262	order	1.56754962086921
ERR912016	D006262	family	2.37393690603851
ERR912016	D006262	genus	3.56819332224772
ERR912016	D006262	species	4.72761453574668
ERR912017	D006262	kingdom	0.0267299583210969
ERR912017	D006262	phylum	0.993781656402361
ERR912017	D006262	class	1.21692587419664
ERR912017	D006262	order	1.74779729497157
ERR912017	D006262	family	2.70848513416505
ERR912017	D006262	genus	4.19268281033057
ERR912017	D006262	species	5.44908863593989
ERR912018	D006262	kingdom	0.0024770253827191
ERR912018	D006262	phylum	1.16033092981091
ERR912018	D006262	class	1.3115097717273
ERR912018	D006262	order	1.83215167382675
ERR912018	D006262	family	2.2894863884014
ERR912018	D006262	genus	3.69501983972493
ERR912018	D006262	species	4.82625732545535
ERR912019	D001249	kingdom	0.0012893848525829
ERR912019	D001249	phylum	0.955691785781407
ERR912019	D001249	class	1.17866664402234
ERR912019	D001249	order	1.80627990907338
ERR912019	D001249	family	2.48018114828785
ERR912019	D001249	genus	4.10976265737309
ERR912019	D001249	species	5.11694057152939
ERR912020	D001249	kingdom	0.0012504446128066
ERR912020	D001249	phylum	1.21745558950027
ERR912020	D001249	class	1.39227715280704
ERR912020	D001249	order	1.98893372405704
ERR912020	D001249	family	2.69237840104119
ERR912020	D001249	genus	4.28702896815937
ERR912020	D001249	species	5.38531641590201
ERR912021	D006262	kingdom	0.0008778035511553
ERR912021	D006262	phylum	1.28189230479119
ERR912021	D006262	class	1.37463687374605
ERR912021	D006262	order	1.90830240259351
ERR912021	D006262	family	2.66216226317694
ERR912021	D006262	genus	4.12026567052527
ERR912021	D006262	species	5.22562871499094
ERR912022	D006262	kingdom	0.0004409355389316
ERR912022	D006262	phylum	1.33681807338366
ERR912022	D006262	class	1.35898947148097
ERR912022	D006262	order	1.65723921467036
ERR912022	D006262	family	1.94566952209612
ERR912022	D006262	genus	2.78286161894744
ERR912022	D006262	species	3.59719609853176
ERR912023	D006262	kingdom	0.0007461997254985
ERR912023	D006262	phylum	0.961527575603626
ERR912023	D006262	class	1.00799385189037
ERR912023	D006262	order	1.38345635481583
ERR912023	D006262	family	2.22406622355477
ERR912023	D006262	genus	3.53115801381273
ERR912023	D006262	species	4.4549321529769
ERR912024	D006262	kingdom	0.0004895841092899
ERR912024	D006262	phylum	0.808137646786161
ERR912024	D006262	class	0.834610577033188
ERR912024	D006262	order	1.08527185373871
ERR912024	D006262	family	1.68586157833358
ERR912024	D006262	genus	2.81766408533699
ERR912024	D006262	species	4.28568761495453
ERR912025	D006262	kingdom	0.0007425323374443
ERR912025	D006262	phylum	0.9472476276397
ERR912025	D006262	class	1.03618426663012
ERR912025	D006262	order	1.28628623709575
ERR912025	D006262	family	1.83114069027875
ERR912025	D006262	genus	2.8222553793667
ERR912025	D006262	species	4.19008637114176
ERR912026	D006262	kingdom	0.0514083785425058
ERR912026	D006262	phylum	1.24142753770949
ERR912026	D006262	class	1.57325463624882
ERR912026	D006262	order	2.05182486745948
ERR912026	D006262	family	3.0048021527457
ERR912026	D006262	genus	4.18678387258787
ERR912026	D006262	species	5.21086732353393
ERR912027	D006262	kingdom	0.0317572124918914
ERR912027	D006262	phylum	1.02657168160801
ERR912027	D006262	class	1.36374568404996
ERR912027	D006262	order	1.8385745275074
ERR912027	D006262	family	2.40308664196246
ERR912027	D006262	genus	3.64998097203242
ERR912027	D006262	species	4.58163120221946
ERR912028	D006262	kingdom	0.0007015157044275
ERR912028	D006262	phylum	1.25290341464504
ERR912028	D006262	class	1.37497948380543
ERR912028	D006262	order	1.89969817422675
ERR912028	D006262	family	2.40642489203527
ERR912028	D006262	genus	3.94133202122711
ERR912028	D006262	species	5.10154531511457
ERR912029	D006262	kingdom	0.0022725211557264
ERR912029	D006262	phylum	0.815385548511077
ERR912029	D006262	class	1.22169318468887
ERR912029	D006262	order	1.99623622179076
ERR912029	D006262	family	2.51001896841014
ERR912029	D006262	genus	4.17369113154267
ERR912029	D006262	species	5.1817503510817
ERR912030	D006262	kingdom	0.0008756756314151
ERR912030	D006262	phylum	1.08422821287987
ERR912030	D006262	class	1.3022291578683
ERR912030	D006262	order	1.94782435797548
ERR912030	D006262	family	2.57125771136168
ERR912030	D006262	genus	4.14359181713171
ERR912030	D006262	species	5.26517425792145
ERR912031	D006262	kingdom	0.110024709115266
ERR912031	D006262	phylum	0.999997059865914
ERR912031	D006262	class	1.16327598804066
ERR912031	D006262	order	1.98798456992072
ERR912031	D006262	family	2.57053176074898
ERR912031	D006262	genus	4.11222801316885
ERR912031	D006262	species	5.19393244850711
ERR912032	D006262	kingdom	0.109480984079085
ERR912032	D006262	phylum	1.21036614962592
ERR912032	D006262	class	1.28036018864334
ERR912032	D006262	order	1.8152066458706
ERR912032	D006262	family	2.59984173621789
ERR912032	D006262	genus	3.90048871097222
ERR912032	D006262	species	5.12426238867446
ERR912033	D001249	kingdom	0.0007006331298481
ERR912033	D001249	phylum	1.56008000552153
ERR912033	D001249	class	1.7135165415284
ERR912033	D001249	order	2.05084082957399
ERR912033	D001249	family	2.57319010144498
ERR912033	D001249	genus	3.52452666197745
ERR912033	D001249	species	4.69244046160039
ERR912034	D006262	kingdom	0.0142552400543462
ERR912034	D006262	phylum	1.12371822572597
ERR912034	D006262	class	1.4578907837834
ERR912034	D006262	order	1.81917526905821
ERR912034	D006262	family	2.50172051744353
ERR912034	D006262	genus	3.71766056765442
ERR912034	D006262	species	4.82618659124881
ERR912035	D006262	kingdom	0.0002879409715453
ERR912035	D006262	phylum	0.974811784303127
ERR912035	D006262	class	0.988174168413474
ERR912035	D006262	order	1.26503483516907
ERR912035	D006262	family	1.73313049164983
ERR912035	D006262	genus	3.03314955942058
ERR912035	D006262	species	4.36060064888255
ERR912036	D006262	kingdom	0.126054759741272
ERR912036	D006262	phylum	1.35461431319352
ERR912036	D006262	class	1.68042678461795
ERR912036	D006262	order	2.02159102374466
ERR912036	D006262	family	2.84006133519455
ERR912036	D006262	genus	4.06757473866405
ERR912036	D006262	species	5.11377403646517
ERR912037	D006262	kingdom	0.0012615365047318
ERR912037	D006262	phylum	1.11341147385321
ERR912037	D006262	class	1.1253844637692
ERR912037	D006262	order	1.18597731430124
ERR912037	D006262	family	1.61745017448573
ERR912037	D006262	genus	1.98079475575433
ERR912037	D006262	species	2.8451591985967
ERR912038	D001249	kingdom	0.0026634352152418
ERR912038	D001249	phylum	1.26102726836168
ERR912038	D001249	class	1.27540751486679
ERR912038	D001249	order	1.6431972026084
ERR912038	D001249	family	1.87983121467457
ERR912038	D001249	genus	3.06779653472316
ERR912038	D001249	species	4.17926760579183
ERR912039	D006262	kingdom	0.0008656391803925
ERR912039	D006262	phylum	1.42175053471988
ERR912039	D006262	class	1.44904639297343
ERR912039	D006262	order	1.65887346046184
ERR912039	D006262	family	2.04873550924616
ERR912039	D006262	genus	3.01877815099593
ERR912039	D006262	species	3.54760714741948
ERR912040	D006262	kingdom	0.0089160353494502
ERR912040	D006262	phylum	1.3887638542066
ERR912040	D006262	class	1.43616775157519
ERR912040	D006262	order	1.73144135083752
ERR912040	D006262	family	2.2888262557167
ERR912040	D006262	genus	3.1417354601143
ERR912040	D006262	species	4.2274937611358
ERR912041	D001249	kingdom	0.0006950746879682
ERR912041	D001249	phylum	0.885514060717459
ERR912041	D001249	class	0.967275065769844
ERR912041	D001249	order	1.36449109948214
ERR912041	D001249	family	1.81735054659134
ERR912041	D001249	genus	3.41095676319074
ERR912041	D001249	species	4.55036007548024
ERR912042	D006262	kingdom	0.0138189979576416
ERR912042	D006262	phylum	1.31403686756584
ERR912042	D006262	class	1.4977379678415
ERR912042	D006262	order	1.79352723787086
ERR912042	D006262	family	2.24382123059399
ERR912042	D006262	genus	3.14441111140402
ERR912042	D006262	species	4.15230033667761
ERR912043	D001249	kingdom	0.021837121145
ERR912043	D001249	phylum	1.22243212048322
ERR912043	D001249	class	1.3578929038765
ERR912043	D001249	order	1.5916581009588
ERR912043	D001249	family	2.46189975525643
ERR912043	D001249	genus	3.36104922704733
ERR912043	D001249	species	4.52890996087227
ERR912044	D001249	kingdom	0.0005872404775213
ERR912044	D001249	phylum	1.26775093550566
ERR912044	D001249	class	1.55585372593387
ERR912044	D001249	order	2.09267676819394
ERR912044	D001249	family	2.62196764620014
ERR912044	D001249	genus	3.85903542174944
ERR912044	D001249	species	4.89579534785391
ERR912045	D001249	kingdom	0.0017736172706691
ERR912045	D001249	phylum	1.39541295197833
ERR912045	D001249	class	1.5220807818126
ERR912045	D001249	order	1.79801832433202
ERR912045	D001249	family	2.02554185090345
ERR912045	D001249	genus	2.62201656056904
ERR912045	D001249	species	3.51012957157454
ERR912046	D006262	kingdom	0.216652157431684
ERR912046	D006262	phylum	1.0645370140451
ERR912046	D006262	class	1.31129356562724
ERR912046	D006262	order	1.99971647386405
ERR912046	D006262	family	2.56374686759335
ERR912046	D006262	genus	3.89419338814225
ERR912046	D006262	species	4.99134446118506
ERR912047	D006262	kingdom	0.254089141665641
ERR912047	D006262	phylum	1.50605679077885
ERR912047	D006262	class	1.69772823545071
ERR912047	D006262	order	2.19868377391965
ERR912047	D006262	family	2.6534251494746
ERR912047	D006262	genus	3.61382529559568
ERR912047	D006262	species	4.55404903626677
ERR912048	D006262	kingdom	0.0852249218055017
ERR912048	D006262	phylum	1.02841472761114
ERR912048	D006262	class	1.08472029507725
ERR912048	D006262	order	1.29453197809226
ERR912048	D006262	family	2.20197274090822
ERR912048	D006262	genus	3.10284637405923
ERR912048	D006262	species	4.43879797091715
ERR912049	D001249	kingdom	0.052582702393677
ERR912049	D001249	phylum	1.0519289912214
ERR912049	D001249	class	1.1412448253985
ERR912049	D001249	order	1.7056724731821
ERR912049	D001249	family	2.49125376385184
ERR912049	D001249	genus	3.91444824185173
ERR912049	D001249	species	5.29868816902814
ERR912050	D006262	kingdom	0.0185359466400176
ERR912050	D006262	phylum	1.47448804136869
ERR912050	D006262	class	1.85510052335615
ERR912050	D006262	order	2.16530751941406
ERR912050	D006262	family	3.06333223917316
ERR912050	D006262	genus	4.02003287704775
ERR912050	D006262	species	4.87264109248296
ERR912051	D006262	kingdom	0.0288994124510972
ERR912051	D006262	phylum	1.12803573287464
ERR912051	D006262	class	1.20843937100292
ERR912051	D006262	order	1.58473638152894
ERR912051	D006262	family	2.38260428487249
ERR912051	D006262	genus	3.53747825895361
ERR912051	D006262	species	4.66790749798522
ERR912052	D006262	kingdom	0.0045144284758947
ERR912052	D006262	phylum	0.918133809887373
ERR912052	D006262	class	0.950045568580743
ERR912052	D006262	order	1.19800173880242
ERR912052	D006262	family	1.77364215522995
ERR912052	D006262	genus	2.87279603600627
ERR912052	D006262	species	4.32830177340333
ERR912053	D001249	kingdom	0.0012084537654876
ERR912053	D001249	phylum	0.891645199389027
ERR912053	D001249	class	0.963062924155086
ERR912053	D001249	order	1.3099828513341
ERR912053	D001249	family	1.8692272563157
ERR912053	D001249	genus	3.22633630359227
ERR912053	D001249	species	4.87884543488788
ERR912054	D001249	kingdom	0.0005117454188812
ERR912054	D001249	phylum	1.02559479900922
ERR912054	D001249	class	1.09052482320377
ERR912054	D001249	order	1.35834822822528
ERR912054	D001249	family	1.99265938265019
ERR912054	D001249	genus	2.85164469241505
ERR912054	D001249	species	4.3730075467764
ERR912055	D006262	kingdom	0.0002695146681984
ERR912055	D006262	phylum	0.954996296182672
ERR912055	D006262	class	0.982202973286161
ERR912055	D006262	order	1.22412487770577
ERR912055	D006262	family	1.72247617850101
ERR912055	D006262	genus	2.57481790422709
ERR912055	D006262	species	4.04028380079229
ERR912056	D006262	kingdom	0.0240828334395276
ERR912056	D006262	phylum	1.0032875699318
ERR912056	D006262	class	1.33153921355193
ERR912056	D006262	order	1.75822351189446
ERR912056	D006262	family	2.47403660462036
ERR912056	D006262	genus	3.81126265350251
ERR912056	D006262	species	4.94644304736776
ERR912057	D006262	kingdom	0.0333295917807094
ERR912057	D006262	phylum	1.30761488474316
ERR912057	D006262	class	1.41290083469091
ERR912057	D006262	order	1.80254810826041
ERR912057	D006262	family	2.40751241506721
ERR912057	D006262	genus	3.73181001805037
ERR912057	D006262	species	4.76163625314083
ERR912058	D006262	kingdom	0.0003305366964902
ERR912058	D006262	phylum	1.33382652940978
ERR912058	D006262	class	1.40989653936603
ERR912058	D006262	order	1.77768942785508
ERR912058	D006262	family	2.12031553011725
ERR912058	D006262	genus	2.77880719238532
ERR912058	D006262	species	3.65822295566474
ERR912059	D006262	kingdom	0.0024817938807433
ERR912059	D006262	phylum	1.12076039087203
ERR912059	D006262	class	1.20774469735898
ERR912059	D006262	order	1.52693001909791
ERR912059	D006262	family	2.37965177745469
ERR912059	D006262	genus	3.67270139285614
ERR912059	D006262	species	4.98662094857029
ERR912060	D006262	kingdom	0.0008852707904769
ERR912060	D006262	phylum	1.19137606207067
ERR912060	D006262	class	1.30915975528666
ERR912060	D006262	order	1.46251079924454
ERR912060	D006262	family	1.63621920358228
ERR912060	D006262	genus	2.0971874271389
ERR912060	D006262	species	3.10814391838649
ERR912061	D006262	kingdom	0.0043384601053319
ERR912061	D006262	phylum	1.08455514049588
ERR912061	D006262	class	1.18065743484673
ERR912061	D006262	order	1.5771924894518
ERR912061	D006262	family	2.34075594315161
ERR912061	D006262	genus	3.52767486168646
ERR912061	D006262	species	4.67851961720584
ERR912062	D006262	kingdom	0.0007413829698754
ERR912062	D006262	phylum	0.994079916471932
ERR912062	D006262	class	1.19387331411905
ERR912062	D006262	order	1.60120845604176
ERR912062	D006262	family	2.24578182827808
ERR912062	D006262	genus	3.6065755791566
ERR912062	D006262	species	4.92094022883595
ERR912063	D001249	kingdom	0.108887740765291
ERR912063	D001249	phylum	1.02078379642539
ERR912063	D001249	class	1.29790607518117
ERR912063	D001249	order	1.86977230390289
ERR912063	D001249	family	2.57833663624239
ERR912063	D001249	genus	4.32525986407264
ERR912063	D001249	species	5.31197603560344
ERR912064	D001249	kingdom	0.0192742822069505
ERR912064	D001249	phylum	0.912276449764374
ERR912064	D001249	class	1.08720706410691
ERR912064	D001249	order	1.6731567121392
ERR912064	D001249	family	2.25376788909414
ERR912064	D001249	genus	3.64320674311078
ERR912064	D001249	species	4.70288006369739
ERR912065	D001249	kingdom	0.0012164018037401
ERR912065	D001249	phylum	0.803120873560653
ERR912065	D001249	class	0.810739803251509
ERR912065	D001249	order	0.996646758608961
ERR912065	D001249	family	1.80402851513975
ERR912065	D001249	genus	2.80088513149445
ERR912065	D001249	species	4.12420543172908
ERR912066	D001249	kingdom	0.0008935655032448
ERR912066	D001249	phylum	1.13823823290574
ERR912066	D001249	class	1.25844066683045
ERR912066	D001249	order	1.78861547589551
ERR912066	D001249	family	2.59655268714422
ERR912066	D001249	genus	3.67935791098664
ERR912066	D001249	species	4.66883840596083
ERR912067	D001249	kingdom	0.0008242281882158
ERR912067	D001249	phylum	1.21349761092391
ERR912067	D001249	class	1.2571682642515
ERR912067	D001249	order	1.767345121292
ERR912067	D001249	family	2.1872915446189
ERR912067	D001249	genus	3.43449501556748
ERR912067	D001249	species	4.60787522807432
ERR912068	D001249	kingdom	0.0018220030658021
ERR912068	D001249	phylum	1.03563745517664
ERR912068	D001249	class	1.04898081250578
ERR912068	D001249	order	1.25255797022777
ERR912068	D001249	family	1.38954229773942
ERR912068	D001249	genus	2.50972276471889
ERR912068	D001249	species	3.56748022900689
ERR912069	D006262	kingdom	0.0002767374109322
ERR912069	D006262	phylum	1.14795410726718
ERR912069	D006262	class	1.28121278361267
ERR912069	D006262	order	1.69851354323425
ERR912069	D006262	family	2.31761510210532
ERR912069	D006262	genus	3.61624752931906
ERR912069	D006262	species	4.75768845652503
ERR912070	D001249	kingdom	0.0455625099451239
ERR912070	D001249	phylum	1.36351226491619
ERR912070	D001249	class	1.59154729673446
ERR912070	D001249	order	1.78556051698188
ERR912070	D001249	family	2.47000406348728
ERR912070	D001249	genus	3.19426132615134
ERR912070	D001249	species	4.54397480286366
ERR912071	D001249	kingdom	0.0005902561186455
ERR912071	D001249	phylum	1.01559168944723
ERR912071	D001249	class	1.26511211235842
ERR912071	D001249	order	1.96733884982482
ERR912071	D001249	family	2.56699417712472
ERR912071	D001249	genus	3.87900563946334
ERR912071	D001249	species	5.2392508276785
ERR912072	D006262	kingdom	0.0158003004671031
ERR912072	D006262	phylum	1.0487285438493
ERR912072	D006262	class	1.26464984068435
ERR912072	D006262	order	1.60018856167008
ERR912072	D006262	family	2.564386416008
ERR912072	D006262	genus	3.72697099502335
ERR912072	D006262	species	5.10432655695896
ERR912073	D006262	kingdom	0.0009643295913181
ERR912073	D006262	phylum	0.988905290949813
ERR912073	D006262	class	0.996593519062791
ERR912073	D006262	order	1.09109609571395
ERR912073	D006262	family	1.2731528448376
ERR912073	D006262	genus	1.81784168623688
ERR912073	D006262	species	3.52431449097145
ERR912074	D006262	kingdom	0.0009942682696332
ERR912074	D006262	phylum	1.01012599906854
ERR912074	D006262	class	1.18414790112382
ERR912074	D006262	order	1.6169183620759
ERR912074	D006262	family	2.33601765399589
ERR912074	D006262	genus	3.67916634954538
ERR912074	D006262	species	4.94479723608735
ERR912075	D001249	kingdom	0.023760554083293
ERR912075	D001249	phylum	1.45964624039587
ERR912075	D001249	class	1.6980943105153
ERR912075	D001249	order	2.06846570745942
ERR912075	D001249	family	2.58671352871577
ERR912075	D001249	genus	3.60757434123338
ERR912075	D001249	species	4.61174506206287
ERR912076	D006262	kingdom	0.0194052692529378
ERR912076	D006262	phylum	1.21098216145776
ERR912076	D006262	class	1.50957819330582
ERR912076	D006262	order	2.07203417803835
ERR912076	D006262	family	2.99938526027734
ERR912076	D006262	genus	4.55800185312531
ERR912076	D006262	species	5.67465305724571
ERR912077	D001249	kingdom	0.0010765316257578
ERR912077	D001249	phylum	1.02613629768203
ERR912077	D001249	class	1.10108509506505
ERR912077	D001249	order	1.49440112972462
ERR912077	D001249	family	2.43566442010327
ERR912077	D001249	genus	3.56979189274357
ERR912077	D001249	species	4.73072510649792
ERR912078	D001249	kingdom	0.0003954763788937
ERR912078	D001249	phylum	1.29078040467463
ERR912078	D001249	class	1.52311420766402
ERR912078	D001249	order	1.75709319685
ERR912078	D001249	family	2.40240837617005
ERR912078	D001249	genus	3.25182285773527
ERR912078	D001249	species	4.63891667118212
ERR912079	D006262	kingdom	0.0272543476156883
ERR912079	D006262	phylum	1.11919886498725
ERR912079	D006262	class	1.53875538849461
ERR912079	D006262	order	1.87270073135551
ERR912079	D006262	family	2.90645150028718
ERR912079	D006262	genus	4.06155858580903
ERR912079	D006262	species	5.11596613702663
ERR912080	D006262	kingdom	0.0595537856592395
ERR912080	D006262	phylum	0.909625242725502
ERR912080	D006262	class	0.996334017294701
ERR912080	D006262	order	1.28821525699442
ERR912080	D006262	family	2.05710425554316
ERR912080	D006262	genus	3.01538348734158
ERR912080	D006262	species	4.36669356859296
ERR912081	D006262	kingdom	0.000357552727797
ERR912081	D006262	phylum	0.777465259338663
ERR912081	D006262	class	0.803513801658058
ERR912081	D006262	order	0.902241379296074
ERR912081	D006262	family	1.35875564397063
ERR912081	D006262	genus	1.87221068475622
ERR912081	D006262	species	3.39364378207195
ERR912082	D001249	kingdom	0.0002293771015012
ERR912082	D001249	phylum	0.704135732485742
ERR912082	D001249	class	0.708785561873881
ERR912082	D001249	order	0.776925191114975
ERR912082	D001249	family	1.08955223656149
ERR912082	D001249	genus	1.44642986981834
ERR912082	D001249	species	3.06872813129921
ERR912083	D006262	kingdom	0.0007653634641825
ERR912083	D006262	phylum	1.10425071574016
ERR912083	D006262	class	1.18357564240401
ERR912083	D006262	order	1.496490228313
ERR912083	D006262	family	2.12185193868356
ERR912083	D006262	genus	3.12996333967102
ERR912083	D006262	species	4.46324323763211
ERR912084	D001249	kingdom	0.0044874824419693
ERR912084	D001249	phylum	0.906411991621666
ERR912084	D001249	class	1.04248239691294
ERR912084	D001249	order	1.4306225589598
ERR912084	D001249	family	2.36423606195831
ERR912084	D001249	genus	3.58613648070397
ERR912084	D001249	species	4.80585064298943
ERR912085	D001249	kingdom	0.0007054497946568
ERR912085	D001249	phylum	0.968679361653465
ERR912085	D001249	class	1.12185204905334
ERR912085	D001249	order	1.55613140526642
ERR912085	D001249	family	2.47634286034264
ERR912085	D001249	genus	3.6453901677596
ERR912085	D001249	species	4.93671981163393
ERR912086	D006262	kingdom	0.0531140782436672
ERR912086	D006262	phylum	1.12537238433905
ERR912086	D006262	class	1.31718243729308
ERR912086	D006262	order	1.82962724528998
ERR912086	D006262	family	2.7110184442873
ERR912086	D006262	genus	4.1173631516707
ERR912086	D006262	species	5.49469832195971
ERR912087	D006262	kingdom	0.0118204953114343
ERR912087	D006262	phylum	1.18880287919421
ERR912087	D006262	class	1.39236786946861
ERR912087	D006262	order	1.89190727225009
ERR912087	D006262	family	2.58763439448863
ERR912087	D006262	genus	4.00262428626322
ERR912087	D006262	species	4.970812088836
ERR912088	D006262	kingdom	0.0007380528762072
ERR912088	D006262	phylum	0.760577577989608
ERR912088	D006262	class	0.783800651270822
ERR912088	D006262	order	1.01108102927753
ERR912088	D006262	family	1.36918757010062
ERR912088	D006262	genus	2.40292181390934
ERR912088	D006262	species	3.65582026227929
ERR912089	D001249	kingdom	0.0097454600414234
ERR912089	D001249	phylum	0.951734688912249
ERR912089	D001249	class	1.15221290762954
ERR912089	D001249	order	1.48858729490068
ERR912089	D001249	family	2.41424313776383
ERR912089	D001249	genus	3.57106765738502
ERR912089	D001249	species	4.83980420326392
ERR912090	D006262	kingdom	0.0019404282711969
ERR912090	D006262	phylum	0.987444506287765
ERR912090	D006262	class	1.14206170984178
ERR912090	D006262	order	1.58383430197095
ERR912090	D006262	family	2.24892040014553
ERR912090	D006262	genus	3.62137358878984
ERR912090	D006262	species	5.04964204917765
ERR912091	D006262	kingdom	0.0008463079637615
ERR912091	D006262	phylum	1.10319233502379
ERR912091	D006262	class	1.2040002825504
ERR912091	D006262	order	1.58145153366236
ERR912091	D006262	family	2.51720230797813
ERR912091	D006262	genus	3.644595849666
ERR912091	D006262	species	4.90680740738741
ERR912092	D001249	kingdom	0.0117913911851842
ERR912092	D001249	phylum	1.3344229646574
ERR912092	D001249	class	1.48590917838017
ERR912092	D001249	order	1.89197919057901
ERR912092	D001249	family	2.35658224766804
ERR912092	D001249	genus	3.37969454815433
ERR912092	D001249	species	4.38078573063421
ERR912093	D006262	kingdom	0.0101547483395005
ERR912093	D006262	phylum	1.16953878919819
ERR912093	D006262	class	1.22986977723689
ERR912093	D006262	order	1.67303146970421
ERR912093	D006262	family	2.20322045724526
ERR912093	D006262	genus	3.29381230476687
ERR912093	D006262	species	4.70476270265898
ERR912094	D006262	kingdom	0.0618883934975147
ERR912094	D006262	phylum	1.25966737293047
ERR912094	D006262	class	1.4608368097188
ERR912094	D006262	order	2.03121187739996
ERR912094	D006262	family	2.78212937994844
ERR912094	D006262	genus	4.07786863947868
ERR912094	D006262	species	5.26602540149078
ERR912095	D006262	kingdom	0.0008246779775819
ERR912095	D006262	phylum	1.00548860286522
ERR912095	D006262	class	1.03060789979981
ERR912095	D006262	order	1.44514549630757
ERR912095	D006262	family	1.72538662162306
ERR912095	D006262	genus	3.1869209943971
ERR912095	D006262	species	4.05126124674941
ERR912096	D006262	kingdom	0.0008562233749595
ERR912096	D006262	phylum	1.09779630612637
ERR912096	D006262	class	1.18954608912748
ERR912096	D006262	order	1.62343135941856
ERR912096	D006262	family	2.35445158990556
ERR912096	D006262	genus	3.69214929790188
ERR912096	D006262	species	4.91311406303792
ERR912097	D006262	kingdom	0.0005729741882083
ERR912097	D006262	phylum	0.997173504434468
ERR912097	D006262	class	1.216380731791
ERR912097	D006262	order	1.85756136228771
ERR912097	D006262	family	2.65052322693827
ERR912097	D006262	genus	4.10661517208976
ERR912097	D006262	species	5.34046603146315
ERR912098	D006262	kingdom	0.0163691383304132
ERR912098	D006262	phylum	1.26460836311556
ERR912098	D006262	class	1.39610760346481
ERR912098	D006262	order	1.9943611865887
ERR912098	D006262	family	2.71502130038812
ERR912098	D006262	genus	4.19241317342464
ERR912098	D006262	species	5.42715088321786
ERR912099	D006262	kingdom	0.046455575546576
ERR912099	D006262	phylum	0.924856072144084
ERR912099	D006262	class	0.990106282813423
ERR912099	D006262	order	1.59700408665254
ERR912099	D006262	family	2.36015743647875
ERR912099	D006262	genus	4.00994850241057
ERR912099	D006262	species	5.12999219859604
ERR912100	D006262	kingdom	0.0093096431638081
ERR912100	D006262	phylum	1.13986001670266
ERR912100	D006262	class	1.30671205200879
ERR912100	D006262	order	1.63078658044228
ERR912100	D006262	family	2.50708878688193
ERR912100	D006262	genus	3.58853380389188
ERR912100	D006262	species	4.70556393236699
ERR912101	D006262	kingdom	0.199942413571828
ERR912101	D006262	phylum	1.28680859956867
ERR912101	D006262	class	1.54544597555416
ERR912101	D006262	order	2.00750298801975
ERR912101	D006262	family	2.65159451327556
ERR912101	D006262	genus	3.91826954734244
ERR912101	D006262	species	4.74593810927466
ERR912102	D006262	kingdom	0.0016647860006169
ERR912102	D006262	phylum	1.4517803819986
ERR912102	D006262	class	1.62020689312774
ERR912102	D006262	order	2.03069207927598
ERR912102	D006262	family	2.61226085478769
ERR912102	D006262	genus	4.03840229101078
ERR912102	D006262	species	5.12772479889271
ERR912103	D001249	kingdom	0.0015877985545651
ERR912103	D001249	phylum	0.830779148008496
ERR912103	D001249	class	0.870350282514798
ERR912103	D001249	order	1.15729450207787
ERR912103	D001249	family	1.81377622052734
ERR912103	D001249	genus	3.06267137802266
ERR912103	D001249	species	4.58727347403929
ERR912104	D006262	kingdom	0.0384944489408628
ERR912104	D006262	phylum	1.39048685756334
ERR912104	D006262	class	1.53643832864732
ERR912104	D006262	order	1.99001637492095
ERR912104	D006262	family	2.51003290566116
ERR912104	D006262	genus	3.70194238571676
ERR912104	D006262	species	4.77070115775797
ERR912105	D006262	kingdom	0.0230967387457794
ERR912105	D006262	phylum	1.24008385534398
ERR912105	D006262	class	1.39017256453188
ERR912105	D006262	order	1.97235459038506
ERR912105	D006262	family	2.91850878900656
ERR912105	D006262	genus	4.26284379361217
ERR912105	D006262	species	5.50786940065395
ERR912106	D006262	kingdom	0.0118085721136572
ERR912106	D006262	phylum	0.925751398309645
ERR912106	D006262	class	1.0431978235302
ERR912106	D006262	order	1.34831928901342
ERR912106	D006262	family	2.35693036943808
ERR912106	D006262	genus	3.48758608521891
ERR912106	D006262	species	4.61761523370313
ERR912107	D006262	kingdom	0.0036706417219426
ERR912107	D006262	phylum	1.16647862208709
ERR912107	D006262	class	1.31362707703761
ERR912107	D006262	order	1.79917069419167
ERR912107	D006262	family	2.52774922299057
ERR912107	D006262	genus	3.93403334363829
ERR912107	D006262	species	5.0047288984185
ERR912108	D006262	kingdom	0.129365839714057
ERR912108	D006262	phylum	1.4101883885978
ERR912108	D006262	class	1.59109269314078
ERR912108	D006262	order	1.87570077638354
ERR912108	D006262	family	2.64921415201881
ERR912108	D006262	genus	3.72427111373701
ERR912108	D006262	species	4.90973192662521
ERR912109	D006262	kingdom	0.0129379081851175
ERR912109	D006262	phylum	1.44441325062493
ERR912109	D006262	class	1.63674039178735
ERR912109	D006262	order	2.13937570270036
ERR912109	D006262	family	2.86394309537352
ERR912109	D006262	genus	4.13776814614683
ERR912109	D006262	species	5.2196713856138
ERR912110	D006262	kingdom	0.0038094716238927
ERR912110	D006262	phylum	0.962046893108564
ERR912110	D006262	class	1.01972723905625
ERR912110	D006262	order	1.28100036037469
ERR912110	D006262	family	2.07217014018294
ERR912110	D006262	genus	3.01553398243249
ERR912110	D006262	species	4.40967035056522
ERR912111	D006262	kingdom	0.0033172953838595
ERR912111	D006262	phylum	0.758658260700906
ERR912111	D006262	class	0.816392595476539
ERR912111	D006262	order	1.0223181852941
ERR912111	D006262	family	1.66152663359043
ERR912111	D006262	genus	2.84021183349997
ERR912111	D006262	species	4.22641052753924
ERR912112	D001249	kingdom	0.0009056798023668
ERR912112	D001249	phylum	0.847434008303805
ERR912112	D001249	class	1.07567288816372
ERR912112	D001249	order	1.39478423035861
ERR912112	D001249	family	2.0165396378884
ERR912112	D001249	genus	3.30379021252589
ERR912112	D001249	species	4.5780311329578
ERR912113	D001249	kingdom	0.0010439856937458
ERR912113	D001249	phylum	1.24042303848761
ERR912113	D001249	class	1.43963577112248
ERR912113	D001249	order	1.83809095229405
ERR912113	D001249	family	2.44280985282888
ERR912113	D001249	genus	3.44163222535188
ERR912113	D001249	species	4.57713488975889
ERR912114	D006262	kingdom	0.0002527288245136
ERR912114	D006262	phylum	1.4132240714828
ERR912114	D006262	class	1.51979746978683
ERR912114	D006262	order	1.82365392305933
ERR912114	D006262	family	2.33594598157322
ERR912114	D006262	genus	2.91287073334618
ERR912114	D006262	species	3.99139976412109
ERR912115	D006262	kingdom	0.0008181902466217
ERR912115	D006262	phylum	1.31842947274188
ERR912115	D006262	class	1.39028251572239
ERR912115	D006262	order	2.04476441488332
ERR912115	D006262	family	2.52478372088659
ERR912115	D006262	genus	3.53440606698764
ERR912115	D006262	species	4.51949220494357
ERR912116	D001249	kingdom	0.0136627714381877
ERR912116	D001249	phylum	1.20949398699438
ERR912116	D001249	class	1.39769993104253
ERR912116	D001249	order	1.92972762698558
ERR912116	D001249	family	2.74863144324605
ERR912116	D001249	genus	4.10288111634821
ERR912116	D001249	species	5.13477342399484
ERR912117	D006262	kingdom	0.0368489412411516
ERR912117	D006262	phylum	1.28010136338104
ERR912117	D006262	class	1.60891011468058
ERR912117	D006262	order	2.07432271601066
ERR912117	D006262	family	2.82808183943152
ERR912117	D006262	genus	4.10572694163201
ERR912117	D006262	species	5.0379323651118
ERR912118	D006262	kingdom	0.0352505109607114
ERR912118	D006262	phylum	1.00671290195889
ERR912118	D006262	class	1.17816845669121
ERR912118	D006262	order	1.52177905715286
ERR912118	D006262	family	2.4491669996955
ERR912118	D006262	genus	3.38422144676078
ERR912118	D006262	species	4.46029601316515
ERR912119	D001249	kingdom	0.0035229456359966
ERR912119	D001249	phylum	1.06295236969648
ERR912119	D001249	class	1.13954680229355
ERR912119	D001249	order	1.64290564716816
ERR912119	D001249	family	2.36983967797585
ERR912119	D001249	genus	3.80835351983557
ERR912119	D001249	species	4.70423946198577
ERR912120	D001249	kingdom	0.0001691594721894
ERR912120	D001249	phylum	0.947487898681053
ERR912120	D001249	class	0.961270826591415
ERR912120	D001249	order	1.1595310261557
ERR912120	D001249	family	1.34727309630242
ERR912120	D001249	genus	1.71662151848264
ERR912120	D001249	species	2.56618935610666
ERR912121	D006262	kingdom	0.001600527895368
ERR912121	D006262	phylum	1.1237750088828
ERR912121	D006262	class	1.3166117991685
ERR912121	D006262	order	1.71468600230958
ERR912121	D006262	family	2.5999375637703
ERR912121	D006262	genus	3.88976788479457
ERR912121	D006262	species	4.9326990947866
ERR912122	D006262	kingdom	0.0011813006989281
ERR912122	D006262	phylum	0.985765051628477
ERR912122	D006262	class	1.24589407246628
ERR912122	D006262	order	1.75444773393298
ERR912122	D006262	family	2.47067534133016
ERR912122	D006262	genus	3.72211470321656
ERR912122	D006262	species	4.86385909927177
ERR912123	D006262	kingdom	0.0045385071298269
ERR912123	D006262	phylum	0.571842227189966
ERR912123	D006262	class	1.0043744921468
ERR912123	D006262	order	1.56477312168301
ERR912123	D006262	family	2.20683612370014
ERR912123	D006262	genus	3.51148413326484
ERR912123	D006262	species	4.19400366481679
ERR912124	D006262	kingdom	0.0318254814439563
ERR912124	D006262	phylum	0.968985181067869
ERR912124	D006262	class	1.08332385335411
ERR912124	D006262	order	1.32274704884323
ERR912124	D006262	family	2.1467223082754
ERR912124	D006262	genus	3.17532914920925
ERR912124	D006262	species	4.42677509046382
ERR912125	D006262	kingdom	0.0155854303251877
ERR912125	D006262	phylum	1.19359826081759
ERR912125	D006262	class	1.41059556391996
ERR912125	D006262	order	1.95028702021982
ERR912125	D006262	family	2.67405282251768
ERR912125	D006262	genus	4.14012036523683
ERR912125	D006262	species	5.47207545589692
ERR912126	D001249	kingdom	0.0002069182593238
ERR912126	D001249	phylum	1.20148899960837
ERR912126	D001249	class	1.23999994382752
ERR912126	D001249	order	1.4236989876681
ERR912126	D001249	family	2.02816919949149
ERR912126	D001249	genus	2.71647506667444
ERR912126	D001249	species	3.74829058382029
ERR912127	D006262	kingdom	0.0010507700998226
ERR912127	D006262	phylum	1.14332007924832
ERR912127	D006262	class	1.19409245347086
ERR912127	D006262	order	1.57568459058842
ERR912127	D006262	family	2.0985826127077
ERR912127	D006262	genus	3.53846666420389
ERR912127	D006262	species	4.84963236361211
ERR912128	D006262	kingdom	0.0043789888670028
ERR912128	D006262	phylum	1.14528034898408
ERR912128	D006262	class	1.43361161449726
ERR912128	D006262	order	1.92909844495727
ERR912128	D006262	family	2.48510562967423
ERR912128	D006262	genus	3.82781562994924
ERR912128	D006262	species	5.06986701740093
ERR912129	D006262	kingdom	0.0008873695131087
ERR912129	D006262	phylum	1.13609641746971
ERR912129	D006262	class	1.32966885629286
ERR912129	D006262	order	1.85561712329949
ERR912129	D006262	family	2.64754052865355
ERR912129	D006262	genus	4.07996909697239
ERR912129	D006262	species	5.28415286406685
ERR912130	D001249	kingdom	0.119005120620741
ERR912130	D001249	phylum	1.50205773344501
ERR912130	D001249	class	1.62814351759297
ERR912130	D001249	order	1.98017252093984
ERR912130	D001249	family	2.75088693899215
ERR912130	D001249	genus	3.6444269427947
ERR912130	D001249	species	4.83613504063421
ERR912131	D006262	kingdom	0.0020193215393744
ERR912131	D006262	phylum	1.38184696173811
ERR912131	D006262	class	1.47298105175618
ERR912131	D006262	order	2.06827094650414
ERR912131	D006262	family	2.60382352470877
ERR912131	D006262	genus	3.68713790253167
ERR912131	D006262	species	4.82858902779112
ERR912132	D006262	kingdom	0.0112112242723487
ERR912132	D006262	phylum	1.11275085486286
ERR912132	D006262	class	1.22548621059179
ERR912132	D006262	order	1.72146473830658
ERR912132	D006262	family	2.32305735340107
ERR912132	D006262	genus	3.83720707105246
ERR912132	D006262	species	5.21806481628749
ERR912133	D006262	kingdom	0.0549657144398482
ERR912133	D006262	phylum	1.19823624540573
ERR912133	D006262	class	1.29373717753583
ERR912133	D006262	order	1.74303569066376
ERR912133	D006262	family	2.41290153066179
ERR912133	D006262	genus	3.96038597395204
ERR912133	D006262	species	5.18851722602995
ERR912134	D001249	kingdom	0.0010747287445577
ERR912134	D001249	phylum	1.17373256439558
ERR912134	D001249	class	1.22026164137776
ERR912134	D001249	order	1.75680480043816
ERR912134	D001249	family	2.39561930468816
ERR912134	D001249	genus	3.88801162946884
ERR912134	D001249	species	4.76865080763924
ERR912135	D006262	kingdom	0.12386654966632
ERR912135	D006262	phylum	1.41505265226819
ERR912135	D006262	class	1.5789327919279
ERR912135	D006262	order	2.01172395098642
ERR912135	D006262	family	2.81347555819377
ERR912135	D006262	genus	3.85668624562685
ERR912135	D006262	species	5.12053138947355
ERR912136	D001249	kingdom	0.002220646631863
ERR912136	D001249	phylum	1.11010712949003
ERR912136	D001249	class	1.17083401976145
ERR912136	D001249	order	1.48913301689165
ERR912136	D001249	family	2.14914240942157
ERR912136	D001249	genus	3.25920644538537
ERR912136	D001249	species	4.4413401353544
ERR912137	D006262	kingdom	0.134331860366515
ERR912137	D006262	phylum	1.08511182928988
ERR912137	D006262	class	1.2466553682633
ERR912137	D006262	order	1.65576137467067
ERR912137	D006262	family	2.53391479562029
ERR912137	D006262	genus	3.75274071503755
ERR912137	D006262	species	4.89312200670194
ERR912138	D001249	kingdom	0.0007237326045321
ERR912138	D001249	phylum	0.999340238524706
ERR912138	D001249	class	1.0160630077284
ERR912138	D001249	order	1.36448327294388
ERR912138	D001249	family	1.94150646189495
ERR912138	D001249	genus	3.26056426660408
ERR912138	D001249	species	4.47435155492595
ERR912139	D001249	kingdom	0.0010298707690501
ERR912139	D001249	phylum	1.22113494265471
ERR912139	D001249	class	1.33150718462715
ERR912139	D001249	order	1.79268250701291
ERR912139	D001249	family	2.59257039633636
ERR912139	D001249	genus	3.99262897230421
ERR912139	D001249	species	5.09658947268513
ERR912140	D001249	kingdom	0.0011680229877996
ERR912140	D001249	phylum	0.838493709150857
ERR912140	D001249	class	1.05003667228152
ERR912140	D001249	order	1.64018763721158
ERR912140	D001249	family	2.50912872776097
ERR912140	D001249	genus	4.13236691658899
ERR912140	D001249	species	5.2703019724232
ERR912141	D006262	kingdom	0.0010862446869779
ERR912141	D006262	phylum	1.05098049870087
ERR912141	D006262	class	1.24858219416799
ERR912141	D006262	order	1.80719298181499
ERR912141	D006262	family	2.51492629311601
ERR912141	D006262	genus	4.13272707746308
ERR912141	D006262	species	5.2387029405535
ERR912142	D006262	kingdom	0.0009356024082499
ERR912142	D006262	phylum	0.730322474400868
ERR912142	D006262	class	0.748980575612604
ERR912142	D006262	order	0.941288501192216
ERR912142	D006262	family	1.45318247183463
ERR912142	D006262	genus	2.4647070169023
ERR912142	D006262	species	3.65306548031237
ERR912143	D006262	kingdom	0.0039873691721602
ERR912143	D006262	phylum	0.885918481583485
ERR912143	D006262	class	1.06405746346678
ERR912143	D006262	order	1.61752222322734
ERR912143	D006262	family	2.13985728403131
ERR912143	D006262	genus	3.38752641082273
ERR912143	D006262	species	4.6083032203331
ERR912144	D006262	kingdom	0.0724939894846012
ERR912144	D006262	phylum	1.18787580517553
ERR912144	D006262	class	1.415213273561
ERR912144	D006262	order	2.04361545863953
ERR912144	D006262	family	2.94711294925691
ERR912144	D006262	genus	4.16602281906307
ERR912144	D006262	species	5.27320446306957
ERR912145	D006262	kingdom	0.0036482018295648
ERR912145	D006262	phylum	1.11694738798154
ERR912145	D006262	class	1.1643616548143
ERR912145	D006262	order	1.52877053224239
ERR912145	D006262	family	2.12020981444711
ERR912145	D006262	genus	3.40437758003957
ERR912145	D006262	species	4.64617937682803
ERR912146	D006262	kingdom	0.121609329800325
ERR912146	D006262	phylum	1.35512954662479
ERR912146	D006262	class	1.48858200468112
ERR912146	D006262	order	2.09272481594015
ERR912146	D006262	family	2.56986126940223
ERR912146	D006262	genus	3.57291438319114
ERR912146	D006262	species	4.3680460861816
ERR912147	D006262	kingdom	0.0673048855676301
ERR912147	D006262	phylum	1.36352509982909
ERR912147	D006262	class	1.63046219496502
ERR912147	D006262	order	2.02771824969077
ERR912147	D006262	family	2.78119341023521
ERR912147	D006262	genus	3.89860665414125
ERR912147	D006262	species	5.05002851603356
ERR912148	D006262	kingdom	0.123022000539693
ERR912148	D006262	phylum	1.12281388151562
ERR912148	D006262	class	1.30671358802577
ERR912148	D006262	order	1.76482276655374
ERR912148	D006262	family	2.48804932209978
ERR912148	D006262	genus	3.60151576840315
ERR912148	D006262	species	4.9241314202759
ERR912149	D006262	kingdom	0.0713873638037334
ERR912149	D006262	phylum	1.24381390848161
ERR912149	D006262	class	1.39259742781219
ERR912149	D006262	order	1.96047438769198
ERR912149	D006262	family	2.65767391111641
ERR912149	D006262	genus	3.68484690743838
ERR912149	D006262	species	4.48084244745596
ERR912150	D006262	kingdom	0.0003068831681831
ERR912150	D006262	phylum	0.543311697007183
ERR912150	D006262	class	0.560353399449282
ERR912150	D006262	order	0.629222143070027
ERR912150	D006262	family	1.09796801590529
ERR912150	D006262	genus	1.34410123470726
ERR912150	D006262	species	2.93727811896162
ERR912151	D001249	kingdom	0.0012525740638708
ERR912151	D001249	phylum	1.35952723660964
ERR912151	D001249	class	1.58915887847717
ERR912151	D001249	order	1.92890949504708
ERR912151	D001249	family	2.59155993334835
ERR912151	D001249	genus	3.88051788075185
ERR912151	D001249	species	5.23637318802157
ERR912152	D001249	kingdom	0.0009495579083033
ERR912152	D001249	phylum	0.938934578065647
ERR912152	D001249	class	1.01830017953625
ERR912152	D001249	order	1.3999050924021
ERR912152	D001249	family	2.11064243406661
ERR912152	D001249	genus	3.28430884278751
ERR912152	D001249	species	4.35680431517299
ERR912153	D006262	kingdom	0.0202648500901765
ERR912153	D006262	phylum	0.999890383523317
ERR912153	D006262	class	1.13220866305064
ERR912153	D006262	order	1.62886894318444
ERR912153	D006262	family	2.55056294014004
ERR912153	D006262	genus	3.87574173190325
ERR912153	D006262	species	5.20929478469845
ERR912154	D006262	kingdom	0.0010405278391476
ERR912154	D006262	phylum	1.11424725232249
ERR912154	D006262	class	1.18109974379583
ERR912154	D006262	order	1.45563423163797
ERR912154	D006262	family	2.05497756610364
ERR912154	D006262	genus	3.001248355886
ERR912154	D006262	species	3.93814312524515
ERR912155	D006262	kingdom	0.0255590338275716
ERR912155	D006262	phylum	1.18917811577668
ERR912155	D006262	class	1.44594246761981
ERR912155	D006262	order	1.81553904006328
ERR912155	D006262	family	2.71285771068537
ERR912155	D006262	genus	3.72445865749048
ERR912155	D006262	species	4.95876773789398
ERR912156	D006262	kingdom	0.0308451843744169
ERR912156	D006262	phylum	1.0642542037449
ERR912156	D006262	class	1.22759555810645
ERR912156	D006262	order	1.5613910238027
ERR912156	D006262	family	2.54424680596958
ERR912156	D006262	genus	3.76652686229873
ERR912156	D006262	species	5.11802359106751
ERR912157	D006262	kingdom	0.0778041672762572
ERR912157	D006262	phylum	1.19022752098416
ERR912157	D006262	class	1.29193083362291
ERR912157	D006262	order	1.6966850651528
ERR912157	D006262	family	2.31738007058961
ERR912157	D006262	genus	3.89338666732088
ERR912157	D006262	species	5.33567349202448
ERR912158	D001249	kingdom	0.0011421678956391
ERR912158	D001249	phylum	0.925317326375889
ERR912158	D001249	class	1.06206607204108
ERR912158	D001249	order	1.64467092698302
ERR912158	D001249	family	2.29904897840989
ERR912158	D001249	genus	3.85313597972605
ERR912158	D001249	species	5.18842448270313
ERR912159	D006262	kingdom	0.0023453257871952
ERR912159	D006262	phylum	0.993868501646364
ERR912159	D006262	class	1.09654619518023
ERR912159	D006262	order	1.5588745981358
ERR912159	D006262	family	2.21994725856699
ERR912159	D006262	genus	3.66905027773546
ERR912159	D006262	species	4.87476429710299
ERR912160	D006262	kingdom	0.0540080157937897
ERR912160	D006262	phylum	0.931522021353946
ERR912160	D006262	class	1.14635377325376
ERR912160	D006262	order	1.97776573845945
ERR912160	D006262	family	2.64529066252836
ERR912160	D006262	genus	4.19138714250156
ERR912160	D006262	species	5.15936557758302
ERR912161	D001249	kingdom	0.0006973425299126
ERR912161	D001249	phylum	0.836004234649029
ERR912161	D001249	class	0.88232074739473
ERR912161	D001249	order	1.10473128992894
ERR912161	D001249	family	2.07445535576957
ERR912161	D001249	genus	2.90536402574596
ERR912161	D001249	species	3.90216033208868
ERR912162	D006262	kingdom	0.0511975982282496
ERR912162	D006262	phylum	1.11979223269097
ERR912162	D006262	class	1.20076468968292
ERR912162	D006262	order	1.8750851720825
ERR912162	D006262	family	2.56640326517801
ERR912162	D006262	genus	4.03529084612906
ERR912162	D006262	species	5.16076603839137
ERR912163	D006262	kingdom	0.0011281458814156
ERR912163	D006262	phylum	1.12487644202708
ERR912163	D006262	class	1.20817806516173
ERR912163	D006262	order	1.73840443564351
ERR912163	D006262	family	2.25047331733528
ERR912163	D006262	genus	3.69888702823496
ERR912163	D006262	species	4.95896637072241
ERR912164	D006262	kingdom	0.005731575571344
ERR912164	D006262	phylum	0.923657145579087
ERR912164	D006262	class	1.07919014537686
ERR912164	D006262	order	1.40166270628973
ERR912164	D006262	family	2.41907386982734
ERR912164	D006262	genus	3.55523482275713
ERR912164	D006262	species	4.75387650164143
ERR912165	D006262	kingdom	0.0024964109852883
ERR912165	D006262	phylum	0.90974973840521
ERR912165	D006262	class	0.935770978481152
ERR912165	D006262	order	1.24322264497884
ERR912165	D006262	family	1.93682267820275
ERR912165	D006262	genus	3.04722045041781
ERR912165	D006262	species	4.51864182490265
ERR912166	D001249	kingdom	0.0008648069026197
ERR912166	D001249	phylum	1.0966045227342
ERR912166	D001249	class	1.34702408791856
ERR912166	D001249	order	1.9963656004064
ERR912166	D001249	family	2.73921574939709
ERR912166	D001249	genus	4.27280377333028
ERR912166	D001249	species	5.48020334765704
ERR912167	D006262	kingdom	0.0074379687273285
ERR912167	D006262	phylum	1.01670620971652
ERR912167	D006262	class	1.04013280087999
ERR912167	D006262	order	1.31619811796174
ERR912167	D006262	family	1.68992132048232
ERR912167	D006262	genus	2.53468309042774
ERR912167	D006262	species	4.13106653713958
ERR912168	D006262	kingdom	0.0005463453875229
ERR912168	D006262	phylum	1.29575636519723
ERR912168	D006262	class	1.34946579906705
ERR912168	D006262	order	1.78069329361102
ERR912168	D006262	family	2.51631865960919
ERR912168	D006262	genus	3.71151813186456
ERR912168	D006262	species	4.99879932522282
ERR912169	D006262	kingdom	0.0246406130814164
ERR912169	D006262	phylum	0.926048206217508
ERR912169	D006262	class	1.11775369743604
ERR912169	D006262	order	1.58743216910477
ERR912169	D006262	family	2.30190985394376
ERR912169	D006262	genus	3.81190325704825
ERR912169	D006262	species	5.0951646375119
ERR912170	D006262	kingdom	0.0008145681942007
ERR912170	D006262	phylum	1.07616967176522
ERR912170	D006262	class	1.32060255535767
ERR912170	D006262	order	1.6761389790621
ERR912170	D006262	family	2.35915124633018
ERR912170	D006262	genus	3.36014853219626
ERR912170	D006262	species	4.6898816131232
ERR912171	D006262	kingdom	0.0022470840202654
ERR912171	D006262	phylum	1.11774379264955
ERR912171	D006262	class	1.25594981994325
ERR912171	D006262	order	1.88014004825084
ERR912171	D006262	family	2.65319918502825
ERR912171	D006262	genus	4.3118007785718
ERR912171	D006262	species	5.50369775324972
ERR912172	D006262	kingdom	0.00148791647295
ERR912172	D006262	phylum	0.851523712707409
ERR912172	D006262	class	1.0205054026378
ERR912172	D006262	order	1.5307435373826
ERR912172	D006262	family	2.16699712383913
ERR912172	D006262	genus	3.68380748764515
ERR912172	D006262	species	4.83377096162988
ERR912173	D001249	kingdom	0.0026963380265079
ERR912173	D001249	phylum	1.18196677995816
ERR912173	D001249	class	1.27106931459802
ERR912173	D001249	order	1.53094626034891
ERR912173	D001249	family	2.10890450418192
ERR912173	D001249	genus	3.00380687871717
ERR912173	D001249	species	4.37099176163251
ERR912174	D006262	kingdom	0.0018664206297726
ERR912174	D006262	phylum	1.10205636220587
ERR912174	D006262	class	1.21100555143233
ERR912174	D006262	order	1.5743576473723
ERR912174	D006262	family	2.12662889589113
ERR912174	D006262	genus	3.20082583853905
ERR912174	D006262	species	4.6330888026117
ERR912175	D006262	kingdom	0.0275434042849111
ERR912175	D006262	phylum	1.18017370332248
ERR912175	D006262	class	1.41339110023694
ERR912175	D006262	order	1.63127010305369
ERR912175	D006262	family	2.54691071236563
ERR912175	D006262	genus	3.53375000072644
ERR912175	D006262	species	4.70705697966771
ERR912176	D006262	kingdom	0.0038155535925723
ERR912176	D006262	phylum	1.11201052505515
ERR912176	D006262	class	1.37474398001752
ERR912176	D006262	order	1.89927610763539
ERR912176	D006262	family	2.74925017885437
ERR912176	D006262	genus	4.15882830486711
ERR912176	D006262	species	5.34702861574109
ERR912177	D006262	kingdom	0.0783275002607151
ERR912177	D006262	phylum	1.45322922912227
ERR912177	D006262	class	1.61083642370098
ERR912177	D006262	order	2.27287999736663
ERR912177	D006262	family	2.63289258183037
ERR912177	D006262	genus	3.87106795896609
ERR912177	D006262	species	4.97625646032207
ERR912178	D001249	kingdom	0.0358519323041194
ERR912178	D001249	phylum	1.0917963466568
ERR912178	D001249	class	1.3018233792822
ERR912178	D001249	order	1.67289433547921
ERR912178	D001249	family	2.46376021782891
ERR912178	D001249	genus	3.51680562527861
ERR912178	D001249	species	4.62432825755827
ERR912179	D006262	kingdom	0.0178668208135534
ERR912179	D006262	phylum	1.21939966273519
ERR912179	D006262	class	1.39134482587871
ERR912179	D006262	order	1.70431329341123
ERR912179	D006262	family	2.61459026947328
ERR912179	D006262	genus	3.59824201367385
ERR912179	D006262	species	4.95438111866207
ERR912180	D006262	kingdom	0.0021859917943946
ERR912180	D006262	phylum	0.945790350916916
ERR912180	D006262	class	1.06807844840741
ERR912180	D006262	order	1.52588423746998
ERR912180	D006262	family	2.32371364630124
ERR912180	D006262	genus	3.795195706046
ERR912180	D006262	species	4.97699875491278
ERR912181	D001249	kingdom	0.0005382165405965
ERR912181	D001249	phylum	1.15802758196024
ERR912181	D001249	class	1.18352520878682
ERR912181	D001249	order	1.36789720857696
ERR912181	D001249	family	1.66311972180438
ERR912181	D001249	genus	2.31975561828952
ERR912181	D001249	species	3.28799337875232
ERR912182	D006262	kingdom	0.0033722598849245
ERR912182	D006262	phylum	1.14173236183991
ERR912182	D006262	class	1.1850305711519
ERR912182	D006262	order	1.47376546853452
ERR912182	D006262	family	2.12635405206137
ERR912182	D006262	genus	3.24229008372675
ERR912182	D006262	species	4.58649242542479
ERR912183	D006262	kingdom	0.0016035823136475
ERR912183	D006262	phylum	1.06225555506714
ERR912183	D006262	class	1.08030820827194
ERR912183	D006262	order	1.39413077157883
ERR912183	D006262	family	1.86611047743722
ERR912183	D006262	genus	2.95872725894258
ERR912183	D006262	species	4.06780269966246
ERR912184	D006262	kingdom	0.0253634346075028
ERR912184	D006262	phylum	1.34771179121462
ERR912184	D006262	class	1.43834554920691
ERR912184	D006262	order	1.74630860862707
ERR912184	D006262	family	2.60364893304255
ERR912184	D006262	genus	3.43269514824315
ERR912184	D006262	species	4.57764271412114
ERR912185	D001249	kingdom	0.0018684020115957
ERR912185	D001249	phylum	0.952030750633409
ERR912185	D001249	class	0.959525270537657
ERR912185	D001249	order	1.05608136255814
ERR912185	D001249	family	1.58149735348579
ERR912185	D001249	genus	2.23346794526639
ERR912185	D001249	species	3.56717841983819
ERR912186	D001249	kingdom	0.0843759666941008
ERR912186	D001249	phylum	1.09535006462571
ERR912186	D001249	class	1.31292849594891
ERR912186	D001249	order	2.07595291673106
ERR912186	D001249	family	2.59960347880563
ERR912186	D001249	genus	4.31278430897828
ERR912186	D001249	species	5.28725094528428
ERR912187	D006262	kingdom	0.0436189331887295
ERR912187	D006262	phylum	1.1205635010864
ERR912187	D006262	class	1.27448997583646
ERR912187	D006262	order	1.76231124590461
ERR912187	D006262	family	2.66338101217823
ERR912187	D006262	genus	3.92427271435076
ERR912187	D006262	species	5.23166885721244
ERR912188	D006262	kingdom	0.0005033769344367
ERR912188	D006262	phylum	1.0236057232247
ERR912188	D006262	class	1.06824860548986
ERR912188	D006262	order	1.38255715016626
ERR912188	D006262	family	1.96385397697676
ERR912188	D006262	genus	2.58169295385401
ERR912188	D006262	species	3.97435407720884
ERR912189	D001249	kingdom	0.110530114457575
ERR912189	D001249	phylum	1.38830817285308
ERR912189	D001249	class	1.57701032219752
ERR912189	D001249	order	1.96134325018799
ERR912189	D001249	family	2.77090752942599
ERR912189	D001249	genus	3.79662696606351
ERR912189	D001249	species	4.75333147959533
ERR912190	D001249	kingdom	0.0004522875789548
ERR912190	D001249	phylum	1.2275947188711
ERR912190	D001249	class	1.30030624891532
ERR912190	D001249	order	1.58882720213979
ERR912190	D001249	family	2.21728254848515
ERR912190	D001249	genus	3.23084330183748
ERR912190	D001249	species	4.27600694625246
ERR912191	D006262	kingdom	0.0032905581669152
ERR912191	D006262	phylum	0.885776934770839
ERR912191	D006262	class	1.00175339312596
ERR912191	D006262	order	1.24487755716723
ERR912191	D006262	family	2.12970713381375
ERR912191	D006262	genus	3.13450501626496
ERR912191	D006262	species	4.46530886015357
ERR912192	D001249	kingdom	0.0150096869571355
ERR912192	D001249	phylum	1.31943075471292
ERR912192	D001249	class	1.62202361905347
ERR912192	D001249	order	2.16293080117635
ERR912192	D001249	family	2.65905698679834
ERR912192	D001249	genus	3.67787536210515
ERR912192	D001249	species	4.68216987791389
ERR912193	D006262	kingdom	0.0254574947677222
ERR912193	D006262	phylum	0.981378922997794
ERR912193	D006262	class	1.15101812929195
ERR912193	D006262	order	1.47017389165087
ERR912193	D006262	family	2.52535645798943
ERR912193	D006262	genus	3.41720092228091
ERR912193	D006262	species	4.69602510945298
ERR912194	D001249	kingdom	0.0231934588326629
ERR912194	D001249	phylum	1.46753631083744
ERR912194	D001249	class	1.70240495262657
ERR912194	D001249	order	2.19574269996349
ERR912194	D001249	family	2.91144922071728
ERR912194	D001249	genus	4.21197882629572
ERR912194	D001249	species	5.29875854003557
ERR912195	D006262	kingdom	0.0699680417738795
ERR912195	D006262	phylum	1.03829371636607
ERR912195	D006262	class	1.27282602193713
ERR912195	D006262	order	1.8122410484682
ERR912195	D006262	family	2.55010360665382
ERR912195	D006262	genus	3.93496457561988
ERR912195	D006262	species	5.20552495061358
ERR912196	D006262	kingdom	0.0009044386024251
ERR912196	D006262	phylum	1.32992086434006
ERR912196	D006262	class	1.39065323359498
ERR912196	D006262	order	1.77362494531186
ERR912196	D006262	family	2.31935828087599
ERR912196	D006262	genus	3.63053838907463
ERR912196	D006262	species	4.82809106553492
ERR912197	D006262	kingdom	0.0009519742045312
ERR912197	D006262	phylum	0.923802896552829
ERR912197	D006262	class	0.978456906107832
ERR912197	D006262	order	1.63078846924549
ERR912197	D006262	family	2.19135453768549
ERR912197	D006262	genus	3.76811117000546
ERR912197	D006262	species	5.07788052906777
ERR912198	D001249	kingdom	0.004180005905518
ERR912198	D001249	phylum	1.15401139138339
ERR912198	D001249	class	1.31969562698103
ERR912198	D001249	order	1.92868271752018
ERR912198	D001249	family	2.45783425411104
ERR912198	D001249	genus	4.06570802025163
ERR912198	D001249	species	5.11030309004839
ERR912199	D006262	kingdom	0.039003333684785
ERR912199	D006262	phylum	1.42257984994174
ERR912199	D006262	class	1.6244264217627
ERR912199	D006262	order	2.13085437049643
ERR912199	D006262	family	2.83850883479558
ERR912199	D006262	genus	4.00402661639664
ERR912199	D006262	species	4.99144031467686
ERR912200	D006262	kingdom	0.0029713038878227
ERR912200	D006262	phylum	0.754406227361104
ERR912200	D006262	class	0.950163688431951
ERR912200	D006262	order	1.70289424825432
ERR912200	D006262	family	2.18427339208932
ERR912200	D006262	genus	3.83455277162875
ERR912200	D006262	species	5.00967581057264
ERR912201	D001249	kingdom	0.0004437685859375
ERR912201	D001249	phylum	1.12441421943316
ERR912201	D001249	class	1.2998479886635
ERR912201	D001249	order	1.92287631307917
ERR912201	D001249	family	2.53144887450656
ERR912201	D001249	genus	3.77779636736049
ERR912201	D001249	species	4.57973509617284
ERR912202	D001249	kingdom	0.0013736338709857
ERR912202	D001249	phylum	1.29902355258179
ERR912202	D001249	class	1.34194422532358
ERR912202	D001249	order	1.6240805617991
ERR912202	D001249	family	2.1797125368259
ERR912202	D001249	genus	3.32956316065417
ERR912202	D001249	species	4.52968919239429
